"subclutch.id","site","femaleid","max.hatch","egg.number","tree.id","mat.collection.date","mat.coll.day","treehday","ndvi_halfdate","halfdate","halfslope","treatment"
"COLD.ART.3","ART","ART.3",4,4,"ART119",2024-12-04,339,NA,NA,143.647647647648,0.176650809556229,"Cold"
"COLD.BLG.15","BLG","BLG.15",14,15,"BLG87",2024-12-11,346,NA,NA,138.876876876877,0.244010324176574,"Cold"
"COLD.EDI.12","EDI","EDI.12",1,1,"EDI133",2024-12-07,342,NA,NA,NA,NA,"Cold"
"COLD.GLF.16","GLF","GLF.16",8,15,"GLF44",2024-12-11,346,NA,NA,147.795795795796,0.112015661565654,"Cold"
"COLD.GLF.5","GLF","GLF.5",13,15,"GLF6",2024-12-05,340,NA,NA,134.802802802803,0.230120658338616,"Cold"
"COLD.GLF.9","GLF","GLF.9",1,2,"GLF44",2024-12-07,342,NA,NA,NA,NA,"Cold"
"COLD.MCH.7","MCH","MCH.7",1,1,"MCH57",2024-12-07,342,NA,NA,NA,NA,"Cold"
"COLD.MUN.1","MUN","MUN.1",14,15,"MUN122",2024-12-04,339,NA,NA,135.023023023023,0.254421432784087,"Cold"
"COLD.URD.1","URD","URD.1",13,15,"URD",2024-12-27,362,NA,NA,136.674674674675,0.340791881953803,"Cold"
"COLD.URD.2","URD","URD.2",3,3,"URD",2024-12-27,362,NA,NA,150.298298298298,0.298835688562021,"Cold"
"COLD.WTH.1","WTH","WTH.1",11,15,"T19",2024-11-15,320,102.751112558722,65.08508509,135.573573573574,0.287434266674799,"Cold"
"COLD.WTH.102","WTH","WTH.102",12,13,"14128",2024-12-06,341,NA,NA,139.447447447447,0.242385126395005,"Cold"
"COLD.WTH.103","WTH","WTH.103",13,15,"14128",2024-12-06,341,NA,NA,137.775775775776,0.385282319447193,"Cold"
"COLD.WTH.104","WTH","WTH.104",9,9,"14128",2024-12-06,341,NA,NA,137.703703703704,0.268911429577166,"Cold"
"COLD.WTH.106","WTH","WTH.106",14,15,"14128",2024-12-06,341,NA,NA,137.665665665666,0.696898367481136,"Cold"
"COLD.WTH.110","WTH","WTH.110",15,15,"T11",2024-12-06,341,98.6583576948369,60.96296296,139.538538538539,0.196112855879685,"Cold"
"COLD.WTH.111","WTH","WTH.111",7,8,"T14",2024-12-06,341,98.3931460949248,62.74074074,139.097097097097,0.477811598388351,"Cold"
"COLD.WTH.113","WTH","WTH.113",5,10,"T14",2024-12-06,341,98.3931460949248,62.74074074,NA,NA,"Cold"
"COLD.WTH.114","WTH","WTH.114",22,15,"T14",2024-12-06,341,98.3931460949248,62.74074074,137.665665665666,0.255643973652469,"Cold"
"COLD.WTH.117","WTH","WTH.117",16,15,"T14",2024-12-06,341,98.3931460949248,62.74074074,139.307307307307,0.272351434131113,"Cold"
"COLD.WTH.118","WTH","WTH.118",15,15,"T14",2024-12-06,341,98.3931460949248,62.74074074,136.590590590591,0.0827875125790448,"Cold"
"COLD.WTH.12","WTH","WTH.12",5,5,"17321",2024-11-25,330,NA,NA,136.278278278278,0.260767927036501,"Cold"
"COLD.WTH.121","WTH","WTH.121",12,15,"T14",2024-12-06,341,98.3931460949248,62.74074074,137.005005005005,0.354497169222227,"Cold"
"COLD.WTH.123","WTH","WTH.123",15,15,"T13",2024-12-06,341,98.2351958749806,60.66666667,139.096096096096,0.219790392184494,"Cold"
"COLD.WTH.127","WTH","WTH.127",4,7,"T12",2024-12-06,341,94.3318303824841,58.81481481,NA,NA,"Cold"
"COLD.WTH.13","WTH","WTH.13",11,15,"17321",2024-11-25,330,NA,NA,137.335335335335,0.135546275931397,"Cold"
"COLD.WTH.130","WTH","WTH.130",18,16,"T20",2024-12-06,341,104.037295159926,66.76676677,135.243243243243,0.185196817982878,"Cold"
"COLD.WTH.138","WTH","WTH.138",13,15,"T13",2024-12-09,344,98.2351958749806,60.66666667,139.757757757758,0.186745793553022,"Cold"
"COLD.WTH.139","WTH","WTH.139",12,15,"T13",2024-12-09,344,98.2351958749806,60.66666667,140.858858858859,0.325801587827615,"Cold"
"COLD.WTH.14","WTH","WTH.14",3,6,"T11",2024-11-25,330,98.6583576948369,60.96296296,141.409409409409,0.151942870698921,"Cold"
"COLD.WTH.142","WTH","WTH.142",3,7,"T11",2024-12-09,344,98.6583576948369,60.96296296,NA,NA,"Cold"
"COLD.WTH.145","WTH","WTH.145",14,15,"T3",2024-12-11,346,100.531026342095,62.64664665,137.665665665666,0.213909870133858,"Cold"
"COLD.WTH.146","WTH","WTH.146",10,15,"T8",2024-12-11,346,96.7072963464517,60.63663664,136.784784784785,0.475100625172587,"Cold"
"COLD.WTH.148","WTH","WTH.148",10,15,"T14",2024-12-11,346,98.3931460949248,62.74074074,135.353353353353,0.335540772100241,"Cold"
"COLD.WTH.15","WTH","WTH.15",13,15,"14128",2024-11-25,330,NA,NA,137.555555555556,0.154032855053209,"Cold"
"COLD.WTH.150","WTH","WTH.150",8,9,"T15",2024-12-11,346,99.5208219374215,64.44444444,137.935935935936,0.272001263104331,"Cold"
"COLD.WTH.151","WTH","WTH.151",8,13,"T20",2024-12-11,346,104.037295159926,66.76676677,135.133133133133,0.111129707715148,"Cold"
"COLD.WTH.152","WTH","WTH.152",14,15,"T20",2024-12-11,346,104.037295159926,66.76676677,143.061061061061,0.45492816603606,"Cold"
"COLD.WTH.153","WTH","WTH.153",14,15,"T3",2024-12-13,348,100.531026342095,62.64664665,138.149149149149,0.417198234098941,"Cold"
"COLD.WTH.154","WTH","WTH.154",11,15,"T3",2024-12-13,348,100.531026342095,62.64664665,141.84984984985,0.2126043182678,"Cold"
"COLD.WTH.155","WTH","WTH.155",13,15,"T3",2024-12-13,348,100.531026342095,62.64664665,141.409409409409,0.33421745693064,"Cold"
"COLD.WTH.157","WTH","WTH.157",15,15,"T5",2024-12-13,348,96.0456539658214,58.02202202,139.657657657658,0.276923749507497,"Cold"
"COLD.WTH.158","WTH","WTH.158",15,15,"T8",2024-12-13,348,96.7072963464517,60.63663664,141.483483483483,0.191254695596826,"Cold"
"COLD.WTH.159","WTH","WTH.159",15,15,"T11",2024-12-13,348,98.6583576948369,60.96296296,142.15015015015,0.120706069826178,"Cold"
"COLD.WTH.16","WTH","WTH.16",9,8,"T13",2024-11-25,330,98.2351958749806,60.66666667,135.675675675676,0.280073833319959,"Cold"
"COLD.WTH.160","WTH","WTH.160",15,15,"T12",2024-12-13,348,94.3318303824841,58.81481481,138.660660660661,0.25549027129624,"Cold"
"COLD.WTH.161","WTH","WTH.161",6,15,"T12",2024-12-13,348,94.3318303824841,58.81481481,135.463463463463,0.232278998049108,"Cold"
"COLD.WTH.162","WTH","WTH.162",8,15,"T13",2024-12-13,348,98.2351958749806,60.66666667,134.032032032032,0.0980489126264571,"Cold"
"COLD.WTH.164","WTH","WTH.164",4,15,"T14",2024-12-13,348,98.3931460949248,62.74074074,135.183183183183,0.389854012930557,"Cold"
"COLD.WTH.167","WTH","WTH.167",13,15,"T16",2024-12-13,348,98.358661241837,60.92092092,139.867867867868,0.207690842584615,"Cold"
"COLD.WTH.168","WTH","WTH.168",7,10,"T19",2024-12-13,348,102.751112558722,65.08508509,141.62962962963,0.282828188777405,"Cold"
"COLD.WTH.17","WTH","WTH.17",11,15,"T18",2024-11-25,330,117.724246440595,73.09309309,134.032032032032,0.138455323078375,"Cold"
"COLD.WTH.170","WTH","WTH.170",12,15,"T3",2024-12-16,351,100.531026342095,62.64664665,140.418418418418,0.0849895811998785,"Cold"
"COLD.WTH.176","WTH","WTH.176",11,15,"T3",2024-12-18,353,100.531026342095,62.64664665,141.73973973974,0.155657333868084,"Cold"
"COLD.WTH.179","WTH","WTH.179",12,14,"T12",2024-12-18,353,94.3318303824841,58.81481481,139.317317317317,0.277149426446566,"Cold"
"COLD.WTH.22","WTH","WTH.22",14,15,"T19",2024-11-25,330,102.751112558722,65.08508509,133.921921921922,0.287029010044265,"Cold"
"COLD.WTH.23","WTH","WTH.23",17,15,"T20",2024-11-25,330,104.037295159926,66.76676677,133.657657657658,0.284549211491152,"Cold"
"COLD.WTH.25","WTH","WTH.25",14,15,"T4",2024-11-25,330,104.298149373327,61.5955956,137.084084084084,0.340488899174517,"Cold"
"COLD.WTH.26","WTH","WTH.26",9,9,"T3",2024-11-25,330,100.531026342095,62.64664665,130.398398398398,0.0433740991115208,"Cold"
"COLD.WTH.29","WTH","WTH.29",6,10,"T4",2024-11-25,330,104.298149373327,61.5955956,139.207207207207,0.117773562398765,"Cold"
"COLD.WTH.33","WTH","WTH.33",11,10,"T4",2024-11-25,330,104.298149373327,61.5955956,137.614614614615,0.212365493497751,"Cold"
"COLD.WTH.37","WTH","WTH.37",19,15,"T13",2024-11-27,332,98.2351958749806,60.66666667,136.234234234234,0.150778842158421,"Cold"
"COLD.WTH.38","WTH","WTH.38",5,15,"14128",2024-11-27,332,NA,NA,134.912912912913,0.29494113118698,"Cold"
"COLD.WTH.39","WTH","WTH.39",7,15,"T14",2024-11-27,332,98.3931460949248,62.74074074,NA,NA,"Cold"
"COLD.WTH.41","WTH","WTH.41",10,12,"T4",2024-11-27,332,104.298149373327,61.5955956,134.142142142142,0.485344235259836,"Cold"
"COLD.WTH.42","WTH","WTH.42",9,15,"T17",2024-11-27,332,109.294235771317,70.45045045,134.362362362362,0.212412040749188,"Cold"
"COLD.WTH.43","WTH","WTH.43",15,15,"T4",2024-11-29,334,104.298149373327,61.5955956,137.807807807808,0.243825544087944,"Cold"
"COLD.WTH.44","WTH","WTH.44",13,15,"T4",2024-11-29,334,104.298149373327,61.5955956,135.023023023023,0.28885095967592,"Cold"
"COLD.WTH.47","WTH","WTH.47",NA,9,"T20",2024-11-29,334,104.037295159926,66.76676677,137.775775775776,0.75,"Cold"
"COLD.WTH.48","WTH","WTH.48",12,15,"14128",2024-11-29,334,NA,NA,135.683683683684,0.381819629936292,"Cold"
"COLD.WTH.49","WTH","WTH.49",12,15,"14128",2024-11-29,334,NA,NA,134.802802802803,0.0544415791464564,"Cold"
"COLD.WTH.50","WTH","WTH.50",12,15,"T13",2024-11-29,334,98.2351958749806,60.66666667,136.634634634635,0.392125686492383,"Cold"
"COLD.WTH.53","WTH","WTH.53",5,14,"T14",2024-12-02,337,98.3931460949248,62.74074074,NA,NA,"Cold"
"COLD.WTH.60","WTH","WTH.60",11,15,"T12",2024-12-02,337,94.3318303824841,58.81481481,139.097097097097,0.131248618278567,"Cold"
"COLD.WTH.64","WTH","WTH.64",9,15,"T7",2024-12-02,337,103.04963707727,61.87587588,140.308308308308,0.341907831799882,"Cold"
"COLD.WTH.70","WTH","WTH.70",12,15,"T2",2024-12-04,339,102.297714241603,64.04804805,141.51951951952,0.463388656180327,"Cold"
"COLD.WTH.74","WTH","WTH.74",12,15,"T4",2024-12-04,339,104.298149373327,61.5955956,NA,NA,"Cold"
"COLD.WTH.78","WTH","WTH.78",16,15,"T3",2024-12-06,341,100.531026342095,62.64664665,139.657657657658,0.737775594810182,"Cold"
"COLD.WTH.84","WTH","WTH.84",5,6,"T3",2024-12-06,341,100.531026342095,62.64664665,NA,NA,"Cold"
"COLD.WTH.86","WTH","WTH.86",14,NA,NA,NA,NA,NA,NA,139.417417417417,0.306456408078897,"Cold"
"COLD.WTH.88","WTH","WTH.88",5,5,"T3",2024-12-06,341,100.531026342095,62.64664665,NA,NA,"Cold"
"COLD.WTH.89","WTH","WTH.89",14,15,"T4",2024-12-06,341,104.298149373327,61.5955956,138.986986986987,0.34349957858553,"Cold"
"COLD.WTH.92","WTH","WTH.92",8,10,"T4",2024-12-06,341,104.298149373327,61.5955956,137.555555555556,0.226286330965424,"Cold"
"COLD.WTH.94","WTH","WTH.94",5,7,"T6",2024-12-06,341,100.765420311927,62.22622623,134.142142142142,0.230101171522277,"Cold"
"COLD.WTH.96","WTH","WTH.96",13,15,"T9",2024-12-06,341,100.244090206684,62.97497497,136.384384384384,0.43846620765343,"Cold"
"COLD.WTH.98","WTH","WTH.98",14,15,"20708",2024-12-06,341,NA,NA,140.746746746747,0.348334282840577,"Cold"
"COOL.ART.3","ART","ART.3",3,4,"ART119",2024-12-04,339,NA,NA,137.632632632633,0.10408031440958,"Cool"
"COOL.BLG.15","BLG","BLG.15",10,15,"BLG87",2024-12-11,346,NA,NA,133.381381381381,0.188063448125776,"Cool"
"COOL.GLF.16","GLF","GLF.16",7,15,"GLF44",2024-12-11,346,NA,NA,138.138138138138,0.169284482860618,"Cool"
"COOL.GLF.5","GLF","GLF.5",15,15,"GLF6",2024-12-05,340,NA,NA,126.940940940941,0.0999303326468751,"Cool"
"COOL.MCH.7","MCH","MCH.7",4,2,"MCH57",2024-12-07,342,NA,NA,NA,NA,"Cool"
"COOL.MUN.1","MUN","MUN.1",14,15,"MUN122",2024-12-04,339,NA,NA,134.546546546547,0.0463474155305961,"Cool"
"COOL.URD.1","URD","URD.1",12,15,"URD",2024-12-27,362,NA,NA,133.116116116116,0.127050639392926,"Cool"
"COOL.URD.2","URD","URD.2",2,2,"URD",2024-12-27,362,NA,NA,NA,NA,"Cool"
"COOL.WTH.1","WTH","WTH.1",12,15,"T19",2024-11-15,320,102.751112558722,65.08508509,127.933933933934,0.0632369237864347,"Cool"
"COOL.WTH.102","WTH","WTH.102",8,14,"14128",2024-12-06,341,NA,NA,133.203203203203,0.0753862584136924,"Cool"
"COOL.WTH.103","WTH","WTH.103",9,15,"14128",2024-12-06,341,NA,NA,133.891891891892,0.0597141490985776,"Cool"
"COOL.WTH.104","WTH","WTH.104",4,8,"14128",2024-12-06,341,NA,NA,NA,NA,"Cool"
"COOL.WTH.106","WTH","WTH.106",11,15,"14128",2024-12-06,341,NA,NA,129.063063063063,0.164132817380932,"Cool"
"COOL.WTH.110","WTH","WTH.110",15,15,"T11",2024-12-06,341,98.6583576948369,60.96296296,132.002002002002,0.117205162636289,"Cool"
"COOL.WTH.111","WTH","WTH.111",6,7,"T14",2024-12-06,341,98.3931460949248,62.74074074,132.476476476476,0.0885701863355634,"Cool"
"COOL.WTH.113","WTH","WTH.113",5,10,"T14",2024-12-06,341,98.3931460949248,62.74074074,133.558558558559,0.0886660637946503,"Cool"
"COOL.WTH.114","WTH","WTH.114",7,15,"T14",2024-12-06,341,98.3931460949248,62.74074074,133.285285285285,0.0933332568141801,"Cool"
"COOL.WTH.117","WTH","WTH.117",11,15,"T14",2024-12-06,341,98.3931460949248,62.74074074,129.502502502502,0.149498271857244,"Cool"
"COOL.WTH.118","WTH","WTH.118",13,15,"T14",2024-12-06,341,98.3931460949248,62.74074074,128.883883883884,0.0583142665858462,"Cool"
"COOL.WTH.12","WTH","WTH.12",3,5,"17321",2024-11-25,330,NA,NA,138.032032032032,0.0295369605318479,"Cool"
"COOL.WTH.121","WTH","WTH.121",12,15,"T14",2024-12-06,341,98.3931460949248,62.74074074,129.533533533534,0.194911607137542,"Cool"
"COOL.WTH.123","WTH","WTH.123",13,15,"T13",2024-12-06,341,98.2351958749806,60.66666667,131.133133133133,0.367787503713586,"Cool"
"COOL.WTH.127","WTH","WTH.127",6,7,"T12",2024-12-06,341,94.3318303824841,58.81481481,129.507507507508,0.139645849595819,"Cool"
"COOL.WTH.13","WTH","WTH.13",12,15,"17321",2024-11-25,330,NA,NA,126.428428428428,0.0858132130425821,"Cool"
"COOL.WTH.130","WTH","WTH.130",11,15,"T20",2024-12-06,341,104.037295159926,66.76676677,125.957957957958,0.0912313105317928,"Cool"
"COOL.WTH.138","WTH","WTH.138",14,15,"T13",2024-12-09,344,98.2351958749806,60.66666667,131.467467467467,0.231912765289144,"Cool"
"COOL.WTH.139","WTH","WTH.139",13,15,"T13",2024-12-09,344,98.2351958749806,60.66666667,130.131131131131,0.107370562379372,"Cool"
"COOL.WTH.14","WTH","WTH.14",NA,5,"T11",2024-11-25,330,98.6583576948369,60.96296296,138.946946946947,0.0614033770028378,"Cool"
"COOL.WTH.142","WTH","WTH.142",7,8,"T11",2024-12-09,344,98.6583576948369,60.96296296,131.71971971972,0.29726574938753,"Cool"
"COOL.WTH.145","WTH","WTH.145",16,15,"T3",2024-12-11,346,100.531026342095,62.64664665,130.181181181181,0.120648403014906,"Cool"
"COOL.WTH.146","WTH","WTH.146",8,15,"T8",2024-12-11,346,96.7072963464517,60.63663664,129.90990990991,0.202385358257526,"Cool"
"COOL.WTH.148","WTH","WTH.148",12,15,"T14",2024-12-11,346,98.3931460949248,62.74074074,132.168168168168,0.0872962141399112,"Cool"
"COOL.WTH.15","WTH","WTH.15",12,15,"14128",2024-11-25,330,NA,NA,131.791791791792,0.0699142937210186,"Cool"
"COOL.WTH.150","WTH","WTH.150",9,9,"T15",2024-12-11,346,99.5208219374215,64.44444444,131.510510510511,0.2492200360292,"Cool"
"COOL.WTH.151","WTH","WTH.151",11,12,"T20",2024-12-11,346,104.037295159926,66.76676677,128.498498498499,0.0671579934224595,"Cool"
"COOL.WTH.152","WTH","WTH.152",6,15,"T20",2024-12-11,346,104.037295159926,66.76676677,132.666666666667,0.261697872704891,"Cool"
"COOL.WTH.153","WTH","WTH.153",14,15,"T3",2024-12-13,348,100.531026342095,62.64664665,131.378378378378,0.230686686310795,"Cool"
"COOL.WTH.154","WTH","WTH.154",7,15,"T3",2024-12-13,348,100.531026342095,62.64664665,134.482482482482,0.111208569159857,"Cool"
"COOL.WTH.155","WTH","WTH.155",11,14,"T3",2024-12-13,348,100.531026342095,62.64664665,133.955955955956,0.287776933215276,"Cool"
"COOL.WTH.157","WTH","WTH.157",14,15,"T5",2024-12-13,348,96.0456539658214,58.02202202,131.823823823824,0.0895077124310115,"Cool"
"COOL.WTH.158","WTH","WTH.158",12,15,"T8",2024-12-13,348,96.7072963464517,60.63663664,132.920920920921,0.114822963658977,"Cool"
"COOL.WTH.159","WTH","WTH.159",8,15,"T11",2024-12-13,348,98.6583576948369,60.96296296,131.133133133133,0.129427315602052,"Cool"
"COOL.WTH.16","WTH","WTH.16",9,8,"T13",2024-11-25,330,98.2351958749806,60.66666667,127.369369369369,0.186187356491945,"Cool"
"COOL.WTH.160","WTH","WTH.160",12,15,"T12",2024-12-13,348,94.3318303824841,58.81481481,133.297297297297,0.288618564474539,"Cool"
"COOL.WTH.161","WTH","WTH.161",10,15,"T12",2024-12-13,348,94.3318303824841,58.81481481,129.122122122122,0.0850453570261141,"Cool"
"COOL.WTH.162","WTH","WTH.162",NA,14,"T13",2024-12-13,348,98.2351958749806,60.66666667,126.720720720721,0.0789997094184192,"Cool"
"COOL.WTH.164","WTH","WTH.164",12,15,"T14",2024-12-13,348,98.3931460949248,62.74074074,131.97997997998,0.0586169631791467,"Cool"
"COOL.WTH.167","WTH","WTH.167",9,15,"T16",2024-12-13,348,98.358661241837,60.92092092,132.826826826827,0.307977018011403,"Cool"
"COOL.WTH.168","WTH","WTH.168",11,11,"T19",2024-12-13,348,102.751112558722,65.08508509,133.872872872873,0.137897275287713,"Cool"
"COOL.WTH.17","WTH","WTH.17",10,15,"T18",2024-11-25,330,117.724246440595,73.09309309,128.129129129129,0.0464910431513214,"Cool"
"COOL.WTH.170","WTH","WTH.170",NA,15,"T3",2024-12-16,351,100.531026342095,62.64664665,135.507507507508,0.212641814471279,"Cool"
"COOL.WTH.176","WTH","WTH.176",13,15,"T3",2024-12-18,353,100.531026342095,62.64664665,134.990990990991,0.116956705214766,"Cool"
"COOL.WTH.179","WTH","WTH.179",12,14,"T12",2024-12-18,353,94.3318303824841,58.81481481,136.12012012012,0.0883719631843198,"Cool"
"COOL.WTH.22","WTH","WTH.22",12,15,"T19",2024-11-25,330,102.751112558722,65.08508509,130.309309309309,0.0829347108572524,"Cool"
"COOL.WTH.23","WTH","WTH.23",13,15,"T20",2024-11-25,330,104.037295159926,66.76676677,124.162162162162,0.111437986907964,"Cool"
"COOL.WTH.25","WTH","WTH.25",13,15,"T4",2024-11-25,330,104.298149373327,61.5955956,127.745745745746,0.503676025156582,"Cool"
"COOL.WTH.26","WTH","WTH.26",7,10,"T3",2024-11-25,330,100.531026342095,62.64664665,128.498498498499,0.0935485348938374,"Cool"
"COOL.WTH.29","WTH","WTH.29",9,9,"T4",2024-11-25,330,104.298149373327,61.5955956,127.605605605606,0.107316754645928,"Cool"
"COOL.WTH.33","WTH","WTH.33",9,10,"T4",2024-11-25,330,104.298149373327,61.5955956,127.945945945946,0.14325744123756,"Cool"
"COOL.WTH.37","WTH","WTH.37",14,15,"T13",2024-11-27,332,98.2351958749806,60.66666667,130.38038038038,0.0941907528453497,"Cool"
"COOL.WTH.38","WTH","WTH.38",7,15,"14128",2024-11-27,332,NA,NA,130.252252252252,0.0629188380902199,"Cool"
"COOL.WTH.39","WTH","WTH.39",15,15,"T14",2024-11-27,332,98.3931460949248,62.74074074,129.021021021021,0.1964507940624,"Cool"
"COOL.WTH.41","WTH","WTH.41",8,11,"T4",2024-11-27,332,104.298149373327,61.5955956,129.165165165165,0.117429459106831,"Cool"
"COOL.WTH.42","WTH","WTH.42",13,15,"T17",2024-11-27,332,109.294235771317,70.45045045,126.992992992993,0.078219885509524,"Cool"
"COOL.WTH.43","WTH","WTH.43",13,15,"T4",2024-11-29,334,104.298149373327,61.5955956,130.134134134134,0.112316816224023,"Cool"
"COOL.WTH.44","WTH","WTH.44",NA,15,"T4",2024-11-29,334,104.298149373327,61.5955956,125.289289289289,0.226514310266578,"Cool"
"COOL.WTH.47","WTH","WTH.47",5,9,"T20",2024-11-29,334,104.037295159926,66.76676677,133.393393393393,0.0949800558737552,"Cool"
"COOL.WTH.48","WTH","WTH.48",11,15,"14128",2024-11-29,334,NA,NA,127.745745745746,0.139242412441555,"Cool"
"COOL.WTH.49","WTH","WTH.49",12,15,"14128",2024-11-29,334,NA,NA,131.321321321321,0.0707405414583006,"Cool"
"COOL.WTH.50","WTH","WTH.50",8,15,"T13",2024-11-29,334,98.2351958749806,60.66666667,127.600600600601,0.665051591215116,"Cool"
"COOL.WTH.53","WTH","WTH.53",10,14,"T14",2024-12-02,337,98.3931460949248,62.74074074,130.286286286286,0.142610005541513,"Cool"
"COOL.WTH.60","WTH","WTH.60",11,15,"T12",2024-12-02,337,94.3318303824841,58.81481481,129.774774774775,0.140492746082303,"Cool"
"COOL.WTH.64","WTH","WTH.64",9,15,"T7",2024-12-02,337,103.04963707727,61.87587588,133.487487487487,0.0762343106497856,"Cool"
"COOL.WTH.70","WTH","WTH.70",15,15,"T2",2024-12-04,339,102.297714241603,64.04804805,133.089089089089,0.357361305199151,"Cool"
"COOL.WTH.74","WTH","WTH.74",12,15,"T4",2024-12-04,339,104.298149373327,61.5955956,127.087087087087,0.391636902105648,"Cool"
"COOL.WTH.78","WTH","WTH.78",12,15,"T3",2024-12-06,341,100.531026342095,62.64664665,133.673673673674,0.0839263167434254,"Cool"
"COOL.WTH.84","WTH","WTH.84",5,6,"T3",2024-12-06,341,100.531026342095,62.64664665,NA,NA,"Cool"
"COOL.WTH.86","WTH","WTH.86",10,NA,NA,NA,NA,NA,NA,131.555555555556,0.112883228844702,"Cool"
"COOL.WTH.88","WTH","WTH.88",5,5,"T3",2024-12-06,341,100.531026342095,62.64664665,134.384384384384,0.170810896666966,"Cool"
"COOL.WTH.89","WTH","WTH.89",12,15,"T4",2024-12-06,341,104.298149373327,61.5955956,131.603603603604,0.75,"Cool"
"COOL.WTH.92","WTH","WTH.92",10,10,"T4",2024-12-06,341,104.298149373327,61.5955956,129.567567567568,0.162575636009546,"Cool"
"COOL.WTH.94","WTH","WTH.94",6,7,"T6",2024-12-06,341,100.765420311927,62.22622623,128.533533533534,0.0588364574917116,"Cool"
"COOL.WTH.96","WTH","WTH.96",13,15,"T9",2024-12-06,341,100.244090206684,62.97497497,130.192192192192,0.0960371154210985,"Cool"
"COOL.WTH.98","WTH","WTH.98",11,15,"20708",2024-12-06,341,NA,NA,132.262262262262,0.325358372933504,"Cool"
"CTRL.ART.3","ART","ART.3",3,4,"ART119",2024-12-04,339,NA,NA,106.262262262262,0.0677721766779794,"Ambient"
"CTRL.BLG.15","BLG","BLG.15",14,15,"BLG87",2024-12-11,346,NA,NA,102.546546546547,0.0985502993759487,"Ambient"
"CTRL.EDI.12","EDI","EDI.12",1,1,"EDI133",2024-12-07,342,NA,NA,NA,NA,"Ambient"
"CTRL.GLF.16","GLF","GLF.16",8,15,"GLF44",2024-12-11,346,NA,NA,107.351351351351,0.0689249373994173,"Ambient"
"CTRL.GLF.5","GLF","GLF.5",12,15,"GLF6",2024-12-05,340,NA,NA,96.012012012012,0.0485699108797639,"Ambient"
"CTRL.GLF.9","GLF","GLF.9",3,2,"GLF44",2024-12-07,342,NA,NA,106.39039039039,0.0980855476659483,"Ambient"
"CTRL.MCH.7","MCH","MCH.7",1,1,"MCH57",2024-12-07,342,NA,NA,105.413413413413,0.036627222827585,"Ambient"
"CTRL.MUN.1","MUN","MUN.1",5,15,"MUN122",2024-12-04,339,NA,NA,99.7117117117117,0.053188653731268,"Ambient"
"CTRL.URD.1","URD","URD.1",9,15,"URD",2024-12-27,362,NA,NA,96.3963963963964,0.17698944962908,"Ambient"
"CTRL.URD.2","URD","URD.2",1,3,"URD",2024-12-27,362,NA,NA,NA,NA,"Ambient"
"CTRL.WTH.1","WTH","WTH.1",15,15,"T19",2024-11-15,320,102.751112558722,65.08508509,95.8838838838839,0.0574295552146835,"Ambient"
"CTRL.WTH.102","WTH","WTH.102",10,14,"14128",2024-12-06,341,NA,NA,104.084084084084,0.0622547953084263,"Ambient"
"CTRL.WTH.103","WTH","WTH.103",11,15,"14128",2024-12-06,341,NA,NA,97.7417417417417,0.0971598632674401,"Ambient"
"CTRL.WTH.104","WTH","WTH.104",7,8,"14128",2024-12-06,341,NA,NA,100.368368368368,0.190296089285204,"Ambient"
"CTRL.WTH.106","WTH","WTH.106",9,15,"14128",2024-12-06,341,NA,NA,103.635635635636,0.0474102638695666,"Ambient"
"CTRL.WTH.110","WTH","WTH.110",13,15,"T11",2024-12-06,341,98.6583576948369,60.96296296,103.842842842843,0.0719743569275504,"Ambient"
"CTRL.WTH.111","WTH","WTH.111",7,7,"T14",2024-12-06,341,98.3931460949248,62.74074074,102.738738738739,0.0579497678434811,"Ambient"
"CTRL.WTH.113","WTH","WTH.113",7,10,"T14",2024-12-06,341,98.3931460949248,62.74074074,103.123123123123,0.0495303706236065,"Ambient"
"CTRL.WTH.114","WTH","WTH.114",NA,15,"T14",2024-12-06,341,98.3931460949248,62.74074074,100.496496496496,0.126403267413076,"Ambient"
"CTRL.WTH.117","WTH","WTH.117",11,15,"T14",2024-12-06,341,98.3931460949248,62.74074074,95.4354354354354,0.12754629468099,"Ambient"
"CTRL.WTH.118","WTH","WTH.118",NA,15,"T14",2024-12-06,341,98.3931460949248,62.74074074,95.6276276276276,0.0827257024680979,"Ambient"
"CTRL.WTH.12","WTH","WTH.12",5,5,"17321",2024-11-25,330,NA,NA,93.4494494494494,0.281604107707437,"Ambient"
"CTRL.WTH.121","WTH","WTH.121",10,15,"T14",2024-12-06,341,98.3931460949248,62.74074074,101.841841841842,0.0581996660361874,"Ambient"
"CTRL.WTH.123","WTH","WTH.123",NA,15,"T13",2024-12-06,341,98.2351958749806,60.66666667,103.507507507508,0.0876122869788245,"Ambient"
"CTRL.WTH.127","WTH","WTH.127",6,7,"T12",2024-12-06,341,94.3318303824841,58.81481481,99.2792792792793,0.0704823018542877,"Ambient"
"CTRL.WTH.13","WTH","WTH.13",NA,15,"17321",2024-11-25,330,NA,NA,98.7027027027027,0.0708782250762842,"Ambient"
"CTRL.WTH.130","WTH","WTH.130",NA,15,"T20",2024-12-06,341,104.037295159926,66.76676677,99.2792792792793,0.0485789270411873,"Ambient"
"CTRL.WTH.138","WTH","WTH.138",8,15,"T13",2024-12-09,344,98.2351958749806,60.66666667,102.673673673674,0.0493352052142107,"Ambient"
"CTRL.WTH.139","WTH","WTH.139",12,15,"T13",2024-12-09,344,98.2351958749806,60.66666667,106.006006006006,0.0825102779010936,"Ambient"
"CTRL.WTH.142","WTH","WTH.142",5,7,"T11",2024-12-09,344,98.6583576948369,60.96296296,102.802802802803,0.0845600502930723,"Ambient"
"CTRL.WTH.145","WTH","WTH.145",NA,15,"T3",2024-12-11,346,100.531026342095,62.64664665,100.304304304304,0.0749245009191521,"Ambient"
"CTRL.WTH.146","WTH","WTH.146",8,15,"T8",2024-12-11,346,96.7072963464517,60.63663664,95.7557557557558,0.172703846863201,"Ambient"
"CTRL.WTH.148","WTH","WTH.148",11,15,"T14",2024-12-11,346,98.3931460949248,62.74074074,101.96996996997,0.0519010182869787,"Ambient"
"CTRL.WTH.15","WTH","WTH.15",12,15,"14128",2024-11-25,330,NA,NA,101.64964964965,0.0545426072656121,"Ambient"
"CTRL.WTH.150","WTH","WTH.150",6,8,"T15",2024-12-11,346,99.5208219374215,64.44444444,102.802802802803,0.076151350609426,"Ambient"
"CTRL.WTH.151","WTH","WTH.151",8,13,"T20",2024-12-11,346,104.037295159926,66.76676677,102.738738738739,0.0631602635506841,"Ambient"
"CTRL.WTH.152","WTH","WTH.152",NA,15,"T20",2024-12-11,346,104.037295159926,66.76676677,107.863863863864,0.0990612715071894,"Ambient"
"CTRL.WTH.153","WTH","WTH.153",NA,15,"T3",2024-12-13,348,100.531026342095,62.64664665,100.24024024024,0.175011993873002,"Ambient"
"CTRL.WTH.154","WTH","WTH.154",12,15,"T3",2024-12-13,348,100.531026342095,62.64664665,107.991991991992,0.0986234521807362,"Ambient"
"CTRL.WTH.155","WTH","WTH.155",11,14,"T3",2024-12-13,348,100.531026342095,62.64664665,104.788788788789,0.130359756660937,"Ambient"
"CTRL.WTH.157","WTH","WTH.157",13,15,"T5",2024-12-13,348,96.0456539658214,58.02202202,100.944944944945,0.0954943926450556,"Ambient"
"CTRL.WTH.158","WTH","WTH.158",14,15,"T8",2024-12-13,348,96.7072963464517,60.63663664,104.276276276276,0.0787278072496269,"Ambient"
"CTRL.WTH.159","WTH","WTH.159",12,15,"T11",2024-12-13,348,98.6583576948369,60.96296296,110.42042042042,0.0551929067264902,"Ambient"
"CTRL.WTH.16","WTH","WTH.16",7,8,"T13",2024-11-25,330,98.2351958749806,60.66666667,97.9339339339339,0.061941844517002,"Ambient"
"CTRL.WTH.160","WTH","WTH.160",10,15,"T12",2024-12-13,348,94.3318303824841,58.81481481,103.459459459459,0.0551486408318932,"Ambient"
"CTRL.WTH.161","WTH","WTH.161",10,15,"T12",2024-12-13,348,94.3318303824841,58.81481481,102.034034034034,0.0566833243953031,"Ambient"
"CTRL.WTH.162","WTH","WTH.162",NA,15,"T13",2024-12-13,348,98.2351958749806,60.66666667,98.5745745745746,0.0606789108740906,"Ambient"
"CTRL.WTH.164","WTH","WTH.164",13,15,"T14",2024-12-13,348,98.3931460949248,62.74074074,102.226226226226,0.0814690267565648,"Ambient"
"CTRL.WTH.167","WTH","WTH.167",8,15,"T16",2024-12-13,348,98.358661241837,60.92092092,101.201201201201,0.074369000667321,"Ambient"
"CTRL.WTH.168","WTH","WTH.168",9,11,"T19",2024-12-13,348,102.751112558722,65.08508509,103.187187187187,0.148804800060903,"Ambient"
"CTRL.WTH.17","WTH","WTH.17",NA,15,"T18",2024-11-25,330,117.724246440595,73.09309309,91.5275275275275,0.0804145231928764,"Ambient"
"CTRL.WTH.170","WTH","WTH.170",13,15,"T3",2024-12-16,351,100.531026342095,62.64664665,104.596596596597,0.0995307416286533,"Ambient"
"CTRL.WTH.176","WTH","WTH.176",7,15,"T3",2024-12-18,353,100.531026342095,62.64664665,108.216216216216,0.0405233520390061,"Ambient"
"CTRL.WTH.179","WTH","WTH.179",7,13,"T12",2024-12-18,353,94.3318303824841,58.81481481,102.674674674675,0.0967940041195495,"Ambient"
"CTRL.WTH.22","WTH","WTH.22",15,15,"T19",2024-11-25,330,102.751112558722,65.08508509,94.4104104104104,0.0565838484776362,"Ambient"
"CTRL.WTH.23","WTH","WTH.23",NA,15,"T20",2024-11-25,330,104.037295159926,66.76676677,92.3963963963964,0.0659758376311076,"Ambient"
"CTRL.WTH.25","WTH","WTH.25",11,15,"T4",2024-11-25,330,104.298149373327,61.5955956,97.9339339339339,0.0769755354400443,"Ambient"
"CTRL.WTH.26","WTH","WTH.26",12,10,"T3",2024-11-25,330,100.531026342095,62.64664665,102.546546546547,0.0451948201277943,"Ambient"
"CTRL.WTH.29","WTH","WTH.29",11,10,"T4",2024-11-25,330,104.298149373327,61.5955956,102.802802802803,0.0500294436750213,"Ambient"
"CTRL.WTH.33","WTH","WTH.33",7,8,"T4",2024-11-25,330,104.298149373327,61.5955956,100.944944944945,0.0781575970000417,"Ambient"
"CTRL.WTH.37","WTH","WTH.37",12,15,"T13",2024-11-27,332,98.2351958749806,60.66666667,96.1401401401401,0.0572855794165146,"Ambient"
"CTRL.WTH.38","WTH","WTH.38",11,15,"14128",2024-11-27,332,NA,NA,91.2072072072072,0.0736701541718452,"Ambient"
"CTRL.WTH.39","WTH","WTH.39",7,15,"T14",2024-11-27,332,98.3931460949248,62.74074074,104.308308308308,0.0481060779090505,"Ambient"
"CTRL.WTH.41","WTH","WTH.41",5,11,"T4",2024-11-27,332,104.298149373327,61.5955956,106.22022022022,0.0817229984364903,"Ambient"
"CTRL.WTH.42","WTH","WTH.42",13,15,"T17",2024-11-27,332,109.294235771317,70.45045045,95.6276276276276,0.0608641315251361,"Ambient"
"CTRL.WTH.43","WTH","WTH.43",11,15,"T4",2024-11-29,334,104.298149373327,61.5955956,95.1151151151151,0.116371017753041,"Ambient"
"CTRL.WTH.44","WTH","WTH.44",15,15,"T4",2024-11-29,334,104.298149373327,61.5955956,93.7697697697698,0.154434856532948,"Ambient"
"CTRL.WTH.47","WTH","WTH.47",10,9,"T20",2024-11-29,334,104.037295159926,66.76676677,102.098098098098,0.0716890844867485,"Ambient"
"CTRL.WTH.48","WTH","WTH.48",12,15,"14128",2024-11-29,334,NA,NA,98.3183183183183,0.0581258070441732,"Ambient"
"CTRL.WTH.49","WTH","WTH.49",12,15,"14128",2024-11-29,334,NA,NA,99.4714714714715,0.0827865975616303,"Ambient"
"CTRL.WTH.50","WTH","WTH.50",13,15,"T13",2024-11-29,334,98.2351958749806,60.66666667,101.137137137137,0.0477027281632394,"Ambient"
"CTRL.WTH.53","WTH","WTH.53",12,14,"T14",2024-12-02,337,98.3931460949248,62.74074074,103.663663663664,0.0435766438529279,"Ambient"
"CTRL.WTH.60","WTH","WTH.60",13,15,"T12",2024-12-02,337,94.3318303824841,58.81481481,99.1511511511512,0.0475474484670451,"Ambient"
"CTRL.WTH.64","WTH","WTH.64",9,15,"T7",2024-12-02,337,103.04963707727,61.87587588,99.5995995995996,0.0661011956308206,"Ambient"
"CTRL.WTH.70","WTH","WTH.70",NA,15,"T2",2024-12-04,339,102.297714241603,64.04804805,104.660660660661,0.104294819786352,"Ambient"
"CTRL.WTH.74","WTH","WTH.74",12,15,"T4",2024-12-04,339,104.298149373327,61.5955956,100.496496496496,0.0610562148193894,"Ambient"
"CTRL.WTH.78","WTH","WTH.78",13,15,"T3",2024-12-06,341,100.531026342095,62.64664665,106.774774774775,0.0850114338402655,"Ambient"
"CTRL.WTH.84","WTH","WTH.84",6,6,"T3",2024-12-06,341,100.531026342095,62.64664665,102.930930930931,0.0636433380455301,"Ambient"
"CTRL.WTH.86","WTH","WTH.86",NA,NA,NA,NA,NA,NA,NA,101.467467467467,0.0584292154086084,"Ambient"
"CTRL.WTH.88","WTH","WTH.88",5,5,"T3",2024-12-06,341,100.531026342095,62.64664665,104.468468468468,0.0534978042084874,"Ambient"
"CTRL.WTH.89","WTH","WTH.89",12,15,"T4",2024-12-06,341,104.298149373327,61.5955956,104.084084084084,0.0728696845848551,"Ambient"
"CTRL.WTH.92","WTH","WTH.92",9,10,"T4",2024-12-06,341,104.298149373327,61.5955956,101.137137137137,0.0633264881255531,"Ambient"
"CTRL.WTH.94","WTH","WTH.94",9,8,"T6",2024-12-06,341,100.765420311927,62.22622623,99.5355355355355,0.0496506116728949,"Ambient"
"CTRL.WTH.96","WTH","WTH.96",NA,15,"T9",2024-12-06,341,100.244090206684,62.97497497,98.7297297297297,0.0548639601531193,"Ambient"
"CTRL.WTH.98","WTH","WTH.98",10,15,"20708",2024-12-06,341,NA,NA,104.724724724725,0.0962163375527311,"Ambient"
"HOT.ART.3","ART","ART.3",3,4,"ART119",2024-12-04,339,NA,NA,108.266266266266,0.0371074541812374,"Hot"
"HOT.BLG.15","BLG","BLG.15",NA,15,"BLG87",2024-12-11,346,NA,NA,94.960960960961,0.0629993556765544,"Hot"
"HOT.EDI.12","EDI","EDI.12",1,1,"EDI133",2024-12-07,342,NA,NA,NA,NA,"Hot"
"HOT.GLF.16","GLF","GLF.16",11,15,"GLF44",2024-12-11,346,NA,NA,113.181181181181,0.0626644014398553,"Hot"
"HOT.GLF.5","GLF","GLF.5",NA,15,"GLF6",2024-12-05,340,NA,NA,81.1351351351351,0.0739560211527512,"Hot"
"HOT.MUN.1","MUN","MUN.1",5,15,"MUN122",2024-12-04,339,NA,NA,94.4744744744745,0.0414965137726701,"Hot"
"HOT.URD.1","URD","URD.1",NA,15,"URD",2024-12-27,362,NA,NA,87.6306306306306,0.0842415940979331,"Hot"
"HOT.URD.2","URD","URD.2",3,2,"URD",2024-12-27,362,NA,NA,106.646646646647,0.0458781770796899,"Hot"
"HOT.WTH.1","WTH","WTH.1",NA,15,"T19",2024-11-15,320,102.751112558722,65.08508509,83.1921921921922,0.0671295101532436,"Hot"
"HOT.WTH.102","WTH","WTH.102",9,14,"14128",2024-12-06,341,NA,NA,101.137137137137,0.0618380013231271,"Hot"
"HOT.WTH.103","WTH","WTH.103",NA,15,"14128",2024-12-06,341,NA,NA,88.3873873873874,0.0410905386627889,"Hot"
"HOT.WTH.104","WTH","WTH.104",7,8,"14128",2024-12-06,341,NA,NA,98.958958958959,0.0554915460504378,"Hot"
"HOT.WTH.106","WTH","WTH.106",NA,15,"14128",2024-12-06,341,NA,NA,95.7087087087087,0.0302279445727431,"Hot"
"HOT.WTH.110","WTH","WTH.110",12,15,"T11",2024-12-06,341,98.6583576948369,60.96296296,97.037037037037,0.0439848791687263,"Hot"
"HOT.WTH.111","WTH","WTH.111",5,7,"T14",2024-12-06,341,98.3931460949248,62.74074074,97.8698698698699,0.0626314469843975,"Hot"
"HOT.WTH.113","WTH","WTH.113",3,10,"T14",2024-12-06,341,98.3931460949248,62.74074074,93.1171171171171,0.0571051400596076,"Hot"
"HOT.WTH.114","WTH","WTH.114",NA,15,"T14",2024-12-06,341,98.3931460949248,62.74074074,93.961961961962,0.0450553923765669,"Hot"
"HOT.WTH.117","WTH","WTH.117",13,15,"T14",2024-12-06,341,98.3931460949248,62.74074074,89.7747747747748,0.0567117987170593,"Hot"
"HOT.WTH.118","WTH","WTH.118",NA,15,"T14",2024-12-06,341,98.3931460949248,62.74074074,91.9189189189189,0.0409551288218177,"Hot"
"HOT.WTH.12","WTH","WTH.12",5,5,"17321",2024-11-25,330,NA,NA,90.027027027027,0.0484119192748332,"Hot"
"HOT.WTH.121","WTH","WTH.121",NA,15,"T14",2024-12-06,341,98.3931460949248,62.74074074,93.001001001001,0.041192158356977,"Hot"
"HOT.WTH.123","WTH","WTH.123",11,15,"T13",2024-12-06,341,98.2351958749806,60.66666667,100.24024024024,0.0835327871340517,"Hot"
"HOT.WTH.127","WTH","WTH.127",6,6,"T12",2024-12-06,341,94.3318303824841,58.81481481,89.7747747747748,0.0568707543833958,"Hot"
"HOT.WTH.13","WTH","WTH.13",6,15,"17321",2024-11-25,330,NA,NA,91.4634634634635,0.029799671980783,"Hot"
"HOT.WTH.130","WTH","WTH.130",11,15,"T20",2024-12-06,341,104.037295159926,66.76676677,90.3103103103103,0.0392451925797085,"Hot"
"HOT.WTH.138","WTH","WTH.138",10,15,"T13",2024-12-09,344,98.2351958749806,60.66666667,100.688688688689,0.0418834528825408,"Hot"
"HOT.WTH.139","WTH","WTH.139",11,15,"T13",2024-12-09,344,98.2351958749806,60.66666667,100.306306306306,0.046515445832383,"Hot"
"HOT.WTH.14","WTH","WTH.14",3,6,"T11",2024-11-25,330,98.6583576948369,60.96296296,99.2792792792793,0.0316068826870181,"Hot"
"HOT.WTH.142","WTH","WTH.142",6,7,"T11",2024-12-09,344,98.6583576948369,60.96296296,103.318318318318,0.0406436463953753,"Hot"
"HOT.WTH.145","WTH","WTH.145",NA,15,"T3",2024-12-11,346,100.531026342095,62.64664665,91.7197197197197,0.0920169739780883,"Hot"
"HOT.WTH.146","WTH","WTH.146",8,15,"T8",2024-12-11,346,96.7072963464517,60.63663664,93.1851851851852,0.0482507393426088,"Hot"
"HOT.WTH.148","WTH","WTH.148",NA,15,"T14",2024-12-11,346,98.3931460949248,62.74074074,89.3963963963964,0.0932167573532691,"Hot"
"HOT.WTH.15","WTH","WTH.15",12,15,"14128",2024-11-25,330,NA,NA,90.1181181181181,0.0480241840985006,"Hot"
"HOT.WTH.150","WTH","WTH.150",6,8,"T15",2024-12-11,346,99.5208219374215,64.44444444,101.64964964965,0.038796451698035,"Hot"
"HOT.WTH.151","WTH","WTH.151",9,12,"T20",2024-12-11,346,104.037295159926,66.76676677,103.443443443443,0.0444141206544521,"Hot"
"HOT.WTH.152","WTH","WTH.152",NA,15,"T20",2024-12-11,346,104.037295159926,66.76676677,94.3263263263263,0.208410060872336,"Hot"
"HOT.WTH.153","WTH","WTH.153",13,15,"T3",2024-12-13,348,100.531026342095,62.64664665,99.7277277277277,0.0486046880816117,"Hot"
"HOT.WTH.154","WTH","WTH.154",NA,15,"T3",2024-12-13,348,100.531026342095,62.64664665,94.6026026026026,0.101961482278968,"Hot"
"HOT.WTH.155","WTH","WTH.155",NA,14,"T3",2024-12-13,348,100.531026342095,62.64664665,97.3423423423423,0.0954887255905093,"Hot"
"HOT.WTH.157","WTH","WTH.157",10,15,"T5",2024-12-13,348,96.0456539658214,58.02202202,92.3603603603604,0.0462767363642702,"Hot"
"HOT.WTH.158","WTH","WTH.158",11,15,"T8",2024-12-13,348,96.7072963464517,60.63663664,95.2432432432432,0.0539969743790101,"Hot"
"HOT.WTH.159","WTH","WTH.159",9,15,"T11",2024-12-13,348,98.6583576948369,60.96296296,98.8948948948949,0.0571871769483222,"Hot"
"HOT.WTH.16","WTH","WTH.16",6,8,"T13",2024-11-25,330,98.2351958749806,60.66666667,93.4954954954955,0.0295256905659074,"Hot"
"HOT.WTH.160","WTH","WTH.160",NA,15,"T12",2024-12-13,348,94.3318303824841,58.81481481,96.4604604604605,0.0674407532626758,"Hot"
"HOT.WTH.161","WTH","WTH.161",13,15,"T12",2024-12-13,348,94.3318303824841,58.81481481,103.6996996997,0.0604222551950429,"Hot"
"HOT.WTH.162","WTH","WTH.162",12,15,"T13",2024-12-13,348,98.2351958749806,60.66666667,102.994994994995,0.041516588587829,"Hot"
"HOT.WTH.164","WTH","WTH.164",12,15,"T14",2024-12-13,348,98.3931460949248,62.74074074,105.013013013013,0.0431678722702356,"Hot"
"HOT.WTH.167","WTH","WTH.167",NA,15,"T16",2024-12-13,348,98.358661241837,60.92092092,92.2322322322322,0.0608550801510085,"Hot"
"HOT.WTH.168","WTH","WTH.168",8,11,"T19",2024-12-13,348,102.751112558722,65.08508509,97.2932932932933,0.0478655909135225,"Hot"
"HOT.WTH.17","WTH","WTH.17",11,15,"T18",2024-11-25,330,117.724246440595,73.09309309,86.8738738738739,0.0258477131603963,"Hot"
"HOT.WTH.170","WTH","WTH.170",8,15,"T3",2024-12-16,351,100.531026342095,62.64664665,101.521521521522,0.071407678105562,"Hot"
"HOT.WTH.176","WTH","WTH.176",9,15,"T3",2024-12-18,353,100.531026342095,62.64664665,103.059059059059,0.0470927967482749,"Hot"
"HOT.WTH.179","WTH","WTH.179",9,14,"T12",2024-12-18,353,94.3318303824841,58.81481481,96.8448448448448,0.0555960769615809,"Hot"
"HOT.WTH.22","WTH","WTH.22",NA,15,"T19",2024-11-25,330,102.751112558722,65.08508509,85.2342342342342,0.0468245982324084,"Hot"
"HOT.WTH.23","WTH","WTH.23",NA,15,"T20",2024-11-25,330,104.037295159926,66.76676677,77.7297297297297,0.150541180295017,"Hot"
"HOT.WTH.25","WTH","WTH.25",NA,15,"T4",2024-11-25,330,104.298149373327,61.5955956,85.5495495495495,0.144714035619455,"Hot"
"HOT.WTH.26","WTH","WTH.26",NA,10,"T3",2024-11-25,330,100.531026342095,62.64664665,92.1601601601602,0.0462451419108598,"Hot"
"HOT.WTH.29","WTH","WTH.29",NA,8,"T4",2024-11-25,330,104.298149373327,61.5955956,92.9369369369369,0.0334916870643553,"Hot"
"HOT.WTH.33","WTH","WTH.33",7,8,"T4",2024-11-25,330,104.298149373327,61.5955956,101.393393393393,0.0394347219640442,"Hot"
"HOT.WTH.37","WTH","WTH.37",NA,15,"T13",2024-11-27,332,98.2351958749806,60.66666667,93.1501501501502,0.0412167476411293,"Hot"
"HOT.WTH.38","WTH","WTH.38",6,15,"14128",2024-11-27,332,NA,NA,88.7437437437437,0.0651189659068869,"Hot"
"HOT.WTH.39","WTH","WTH.39",8,15,"T14",2024-11-27,332,98.3931460949248,62.74074074,101.009009009009,0.0444481333085667,"Hot"
"HOT.WTH.41","WTH","WTH.41",12,11,"T4",2024-11-27,332,104.298149373327,61.5955956,95.8198198198198,0.0365023485467655,"Hot"
"HOT.WTH.42","WTH","WTH.42",NA,15,"T17",2024-11-27,332,109.294235771317,70.45045045,91.2712712712713,0.0267133152088892,"Hot"
"HOT.WTH.43","WTH","WTH.43",NA,15,"T4",2024-11-29,334,104.298149373327,61.5955956,88.1351351351351,0.0750901624307273,"Hot"
"HOT.WTH.44","WTH","WTH.44",NA,15,"T4",2024-11-29,334,104.298149373327,61.5955956,85.6336336336336,0.0579296362640329,"Hot"
"HOT.WTH.47","WTH","WTH.47",9,10,"T20",2024-11-29,334,104.037295159926,66.76676677,93.5585585585586,0.0421647164477421,"Hot"
"HOT.WTH.48","WTH","WTH.48",NA,15,"14128",2024-11-29,334,NA,NA,86.8738738738739,0.111382041033713,"Hot"
"HOT.WTH.49","WTH","WTH.49",NA,15,"14128",2024-11-29,334,NA,NA,95.3073073073073,0.0809886017660486,"Hot"
"HOT.WTH.50","WTH","WTH.50",NA,15,"T13",2024-11-29,334,98.2351958749806,60.66666667,88.3873873873874,0.0621848187193679,"Hot"
"HOT.WTH.53","WTH","WTH.53",8,15,"T14",2024-12-02,337,98.3931460949248,62.74074074,94.4744744744745,0.0439938289010051,"Hot"
"HOT.WTH.60","WTH","WTH.60",15,15,"T12",2024-12-02,337,94.3318303824841,58.81481481,85.6256256256256,0.12226188269549,"Hot"
"HOT.WTH.64","WTH","WTH.64",13,15,"T7",2024-12-02,337,103.04963707727,61.87587588,89.8378378378378,0.107240898064394,"Hot"
"HOT.WTH.70","WTH","WTH.70",12,15,"T2",2024-12-04,339,102.297714241603,64.04804805,101.521521521522,0.0634789273799893,"Hot"
"HOT.WTH.74","WTH","WTH.74",11,15,"T4",2024-12-04,339,104.298149373327,61.5955956,87.4414414414414,0.0770775414593976,"Hot"
"HOT.WTH.78","WTH","WTH.78",14,15,"T3",2024-12-06,341,100.531026342095,62.64664665,97.7207207207207,0.107192088646764,"Hot"
"HOT.WTH.84","WTH","WTH.84",5,6,"T3",2024-12-06,341,100.531026342095,62.64664665,91.2072072072072,0.120617616950159,"Hot"
"HOT.WTH.86","WTH","WTH.86",NA,NA,NA,NA,NA,NA,NA,89.4294294294294,0.0687658312940799,"Hot"
"HOT.WTH.88","WTH","WTH.88",5,5,"T3",2024-12-06,341,100.531026342095,62.64664665,97.5945945945946,0.0655717840923274,"Hot"
"HOT.WTH.89","WTH","WTH.89",13,15,"T4",2024-12-06,341,104.298149373327,61.5955956,97.5495495495495,0.0502719564215808,"Hot"
"HOT.WTH.92","WTH","WTH.92",9,10,"T4",2024-12-06,341,104.298149373327,61.5955956,95.2432432432432,0.0646644754734178,"Hot"
"HOT.WTH.94","WTH","WTH.94",12,8,"T6",2024-12-06,341,100.765420311927,62.22622623,94.8588588588589,0.0495152071481288,"Hot"
"HOT.WTH.96","WTH","WTH.96",NA,15,"T9",2024-12-06,341,100.244090206684,62.97497497,87.1891891891892,0.132320770487312,"Hot"
"HOT.WTH.98","WTH","WTH.98",10,15,"20708",2024-12-06,341,NA,NA,102.354354354354,0.0537771979808237,"Hot"
"MEAN.ART.3","ART","ART.3",4,4,"ART119",2024-12-04,339,NA,NA,125.216216216216,0.0704793489269004,"Mean"
"MEAN.BLG.15","BLG","BLG.15",NA,15,"BLG87",2024-12-11,346,NA,NA,124.144144144144,0.149754987410562,"Mean"
"MEAN.EDI.12","EDI","EDI.12",2,3,"EDI133",2024-12-07,342,NA,NA,NA,NA,"Mean"
"MEAN.GLF.16","GLF","GLF.16",11,15,"GLF44",2024-12-11,346,NA,NA,131.369369369369,0.123322848544634,"Mean"
"MEAN.GLF.5","GLF","GLF.5",15,15,"GLF6",2024-12-05,340,NA,NA,112.942942942943,0.115672646572289,"Mean"
"MEAN.GLF.9","GLF","GLF.9",1,1,"GLF44",2024-12-07,342,NA,NA,NA,NA,"Mean"
"MEAN.MCH.7","MCH","MCH.7",5,2,"MCH57",2024-12-07,342,NA,NA,120.693693693694,0.0622978305105484,"Mean"
"MEAN.MUN.1","MUN","MUN.1",6,15,"MUN122",2024-12-04,339,NA,NA,120.45045045045,0.0500054467862132,"Mean"
"MEAN.URD.1","URD","URD.1",NA,15,"URD",2024-12-27,362,NA,NA,116.680680680681,0.0867675741045718,"Mean"
"MEAN.URD.2","URD","URD.2",2,2,"URD",2024-12-27,362,NA,NA,NA,NA,"Mean"
"MEAN.WTH.1","WTH","WTH.1",10,15,"T19",2024-11-15,320,102.751112558722,65.08508509,113.069069069069,0.0882803097230085,"Mean"
"MEAN.WTH.102","WTH","WTH.102",14,13,"14128",2024-12-06,341,NA,NA,123.991991991992,0.059948539474382,"Mean"
"MEAN.WTH.103","WTH","WTH.103",15,15,"14128",2024-12-06,341,NA,NA,118.593593593594,0.12381342562307,"Mean"
"MEAN.WTH.104","WTH","WTH.104",8,8,"14128",2024-12-06,341,NA,NA,NA,NA,"Mean"
"MEAN.WTH.106","WTH","WTH.106",11,15,"14128",2024-12-06,341,NA,NA,118.282282282282,0.074752187001837,"Mean"
"MEAN.WTH.110","WTH","WTH.110",13,15,"T11",2024-12-06,341,98.6583576948369,60.96296296,123.891891891892,0.0643427026388723,"Mean"
"MEAN.WTH.111","WTH","WTH.111",4,7,"T14",2024-12-06,341,98.3931460949248,62.74074074,NA,NA,"Mean"
"MEAN.WTH.113","WTH","WTH.113",5,10,"T14",2024-12-06,341,98.3931460949248,62.74074074,117.725725725726,0.111354303270757,"Mean"
"MEAN.WTH.114","WTH","WTH.114",11,15,"T14",2024-12-06,341,98.3931460949248,62.74074074,118.54954954955,0.286969381508992,"Mean"
"MEAN.WTH.117","WTH","WTH.117",12,15,"T14",2024-12-06,341,98.3931460949248,62.74074074,116.680680680681,0.180178468101173,"Mean"
"MEAN.WTH.118","WTH","WTH.118",10,15,"T14",2024-12-06,341,98.3931460949248,62.74074074,118.322322322322,0.0713298725307251,"Mean"
"MEAN.WTH.12","WTH","WTH.12",5,5,"17321",2024-11-25,330,NA,NA,113.089089089089,0.139245983289923,"Mean"
"MEAN.WTH.121","WTH","WTH.121",11,15,"T14",2024-12-06,341,98.3931460949248,62.74074074,121.851851851852,0.0609414547039532,"Mean"
"MEAN.WTH.123","WTH","WTH.123",12,15,"T13",2024-12-06,341,98.2351958749806,60.66666667,121.279279279279,0.157601148766947,"Mean"
"MEAN.WTH.127","WTH","WTH.127",7,6,"T12",2024-12-06,341,94.3318303824841,58.81481481,116.189189189189,0.122708858324465,"Mean"
"MEAN.WTH.13","WTH","WTH.13",10,15,"17321",2024-11-25,330,NA,NA,113.317317317317,0.0701858114551041,"Mean"
"MEAN.WTH.130","WTH","WTH.130",10,15,"T20",2024-12-06,341,104.037295159926,66.76676677,117.665665665666,0.0931830316692277,"Mean"
"MEAN.WTH.138","WTH","WTH.138",14,15,"T13",2024-12-09,344,98.2351958749806,60.66666667,121.441441441441,0.108266546015099,"Mean"
"MEAN.WTH.139","WTH","WTH.139",15,15,"T13",2024-12-09,344,98.2351958749806,60.66666667,124.314314314314,0.0723390900808297,"Mean"
"MEAN.WTH.14","WTH","WTH.14",2,5,"T11",2024-11-25,330,98.6583576948369,60.96296296,NA,NA,"Mean"
"MEAN.WTH.142","WTH","WTH.142",5,8,"T11",2024-12-09,344,98.6583576948369,60.96296296,125.381381381381,0.0853818357152287,"Mean"
"MEAN.WTH.145","WTH","WTH.145",12,15,"T3",2024-12-11,346,100.531026342095,62.64664665,116.58958958959,0.128700732054433,"Mean"
"MEAN.WTH.146","WTH","WTH.146",7,15,"T8",2024-12-11,346,96.7072963464517,60.63663664,120.468468468468,0.0890220243708856,"Mean"
"MEAN.WTH.148","WTH","WTH.148",15,15,"T14",2024-12-11,346,98.3931460949248,62.74074074,117.577577577578,0.0633992561636976,"Mean"
"MEAN.WTH.15","WTH","WTH.15",13,15,"14128",2024-11-25,330,NA,NA,119.347347347347,0.0899403521055133,"Mean"
"MEAN.WTH.150","WTH","WTH.150",7,8,"T15",2024-12-11,346,99.5208219374215,64.44444444,119.491491491491,0.0800509362320595,"Mean"
"MEAN.WTH.151","WTH","WTH.151",11,12,"T20",2024-12-11,346,104.037295159926,66.76676677,117.48048048048,0.0707151593585244,"Mean"
"MEAN.WTH.152","WTH","WTH.152",11,15,"T20",2024-12-11,346,104.037295159926,66.76676677,123.87987987988,0.132777592367334,"Mean"
"MEAN.WTH.153","WTH","WTH.153",15,15,"T3",2024-12-13,348,100.531026342095,62.64664665,119.3003003003,0.214060576191945,"Mean"
"MEAN.WTH.154","WTH","WTH.154",12,15,"T3",2024-12-13,348,100.531026342095,62.64664665,125.955955955956,0.140561914463089,"Mean"
"MEAN.WTH.155","WTH","WTH.155",NA,15,"T3",2024-12-13,348,100.531026342095,62.64664665,122.36036036036,0.164503081445293,"Mean"
"MEAN.WTH.157","WTH","WTH.157",12,15,"T5",2024-12-13,348,96.0456539658214,58.02202202,118.306306306306,0.110539810911093,"Mean"
"MEAN.WTH.158","WTH","WTH.158",12,15,"T8",2024-12-13,348,96.7072963464517,60.63663664,121.195195195195,0.143627204275999,"Mean"
"MEAN.WTH.159","WTH","WTH.159",12,15,"T11",2024-12-13,348,98.6583576948369,60.96296296,124.900900900901,0.0845735528592232,"Mean"
"MEAN.WTH.16","WTH","WTH.16",10,8,"T13",2024-11-25,330,98.2351958749806,60.66666667,116.892892892893,0.059598463836626,"Mean"
"MEAN.WTH.160","WTH","WTH.160",8,15,"T12",2024-12-13,348,94.3318303824841,58.81481481,122.720720720721,0.0696435952822765,"Mean"
"MEAN.WTH.161","WTH","WTH.161",13,15,"T12",2024-12-13,348,94.3318303824841,58.81481481,117.515515515516,0.331130868058657,"Mean"
"MEAN.WTH.162","WTH","WTH.162",12,14,"T13",2024-12-13,348,98.2351958749806,60.66666667,117.402402402402,0.0515065569629935,"Mean"
"MEAN.WTH.164","WTH","WTH.164",12,15,"T14",2024-12-13,348,98.3931460949248,62.74074074,119.567567567568,0.0657051247321149,"Mean"
"MEAN.WTH.167","WTH","WTH.167",11,15,"T16",2024-12-13,348,98.358661241837,60.92092092,121.63963963964,0.0698225398006714,"Mean"
"MEAN.WTH.168","WTH","WTH.168",11,11,"T19",2024-12-13,348,102.751112558722,65.08508509,123.435435435435,0.110331647467351,"Mean"
"MEAN.WTH.17","WTH","WTH.17",12,15,"T18",2024-11-25,330,117.724246440595,73.09309309,114.002002002002,0.0632253572388199,"Mean"
"MEAN.WTH.170","WTH","WTH.170",6,15,"T3",2024-12-16,351,100.531026342095,62.64664665,126.864864864865,0.0867578714431502,"Mean"
"MEAN.WTH.176","WTH","WTH.176",8,15,"T3",2024-12-18,353,100.531026342095,62.64664665,124.543543543544,0.0927257840100637,"Mean"
"MEAN.WTH.179","WTH","WTH.179",NA,14,"T12",2024-12-18,353,94.3318303824841,58.81481481,127.325325325325,0.0522026948799248,"Mean"
"MEAN.WTH.22","WTH","WTH.22",14,15,"T19",2024-11-25,330,102.751112558722,65.08508509,113.621621621622,0.0895016729125576,"Mean"
"MEAN.WTH.23","WTH","WTH.23",NA,15,"T20",2024-11-25,330,104.037295159926,66.76676677,109.62962962963,0.142304589340749,"Mean"
"MEAN.WTH.25","WTH","WTH.25",12,15,"T4",2024-11-25,330,104.298149373327,61.5955956,116.618618618619,0.0829572299981833,"Mean"
"MEAN.WTH.26","WTH","WTH.26",8,9,"T3",2024-11-25,330,100.531026342095,62.64664665,116.531531531532,0.0863488855215109,"Mean"
"MEAN.WTH.29","WTH","WTH.29",10,10,"T4",2024-11-25,330,104.298149373327,61.5955956,117.747747747748,0.0972071509285296,"Mean"
"MEAN.WTH.33","WTH","WTH.33",8,10,"T4",2024-11-25,330,104.298149373327,61.5955956,119.231231231231,0.0531110730543412,"Mean"
"MEAN.WTH.37","WTH","WTH.37",11,15,"T13",2024-11-27,332,98.2351958749806,60.66666667,113.605605605606,0.0857016462702059,"Mean"
"MEAN.WTH.38","WTH","WTH.38",4,15,"14128",2024-11-27,332,NA,NA,121.279279279279,0.036591841284497,"Mean"
"MEAN.WTH.39","WTH","WTH.39",13,15,"T14",2024-11-27,332,98.3931460949248,62.74074074,120.558558558559,0.0851170787435493,"Mean"
"MEAN.WTH.41","WTH","WTH.41",5,12,"T4",2024-11-27,332,104.298149373327,61.5955956,115.876876876877,0.164748640704366,"Mean"
"MEAN.WTH.42","WTH","WTH.42",16,15,"T17",2024-11-27,332,109.294235771317,70.45045045,116.208208208208,0.0615271894937134,"Mean"
"MEAN.WTH.43","WTH","WTH.43",15,15,"T4",2024-11-29,334,104.298149373327,61.5955956,114.623623623624,0.196145165240259,"Mean"
"MEAN.WTH.44","WTH","WTH.44",NA,15,"T4",2024-11-29,334,104.298149373327,61.5955956,111.773773773774,0.2158566034424,"Mean"
"MEAN.WTH.47","WTH","WTH.47",7,9,"T20",2024-11-29,334,104.037295159926,66.76676677,121.133133133133,0.0537443769250065,"Mean"
"MEAN.WTH.48","WTH","WTH.48",13,15,"14128",2024-11-29,334,NA,NA,119.389389389389,0.0657325157585372,"Mean"
"MEAN.WTH.49","WTH","WTH.49",14,15,"14128",2024-11-29,334,NA,NA,121.523523523524,0.0839675887372515,"Mean"
"MEAN.WTH.50","WTH","WTH.50",13,15,"T13",2024-11-29,334,98.2351958749806,60.66666667,118.732732732733,0.065451458794214,"Mean"
"MEAN.WTH.53","WTH","WTH.53",12,14,"T14",2024-12-02,337,98.3931460949248,62.74074074,116.22022022022,0.24793260785113,"Mean"
"MEAN.WTH.60","WTH","WTH.60",11,15,"T12",2024-12-02,337,94.3318303824841,58.81481481,119.477477477477,0.128874712060618,"Mean"
"MEAN.WTH.64","WTH","WTH.64",15,15,"T7",2024-12-02,337,103.04963707727,61.87587588,115.711711711712,0.0959461540007348,"Mean"
"MEAN.WTH.70","WTH","WTH.70",15,15,"T2",2024-12-04,339,102.297714241603,64.04804805,122.978978978979,0.241208387512708,"Mean"
"MEAN.WTH.74","WTH","WTH.74",14,15,"T4",2024-12-04,339,104.298149373327,61.5955956,118.486486486486,0.152686326594774,"Mean"
"MEAN.WTH.78","WTH","WTH.78",15,15,"T3",2024-12-06,341,100.531026342095,62.64664665,122.674674674675,0.212548941144933,"Mean"
"MEAN.WTH.84","WTH","WTH.84",7,7,"T3",2024-12-06,341,100.531026342095,62.64664665,121.815815815816,0.0797068184645613,"Mean"
"MEAN.WTH.86","WTH","WTH.86",13,NA,NA,NA,NA,NA,NA,123.627627627628,0.0696775805170383,"Mean"
"MEAN.WTH.88","WTH","WTH.88",15,5,"T3",2024-12-06,341,100.531026342095,62.64664665,122.15015015015,0.111471296846887,"Mean"
"MEAN.WTH.89","WTH","WTH.89",10,15,"T4",2024-12-06,341,104.298149373327,61.5955956,120.378378378378,0.0759891599033913,"Mean"
"MEAN.WTH.92","WTH","WTH.92",9,10,"T4",2024-12-06,341,104.298149373327,61.5955956,122.016016016016,0.0838519067232702,"Mean"
"MEAN.WTH.94","WTH","WTH.94",7,8,"T6",2024-12-06,341,100.765420311927,62.22622623,114.675675675676,0.0845123162693587,"Mean"
"MEAN.WTH.96","WTH","WTH.96",8,15,"T9",2024-12-06,341,100.244090206684,62.97497497,118.46046046046,0.0851886712459276,"Mean"
"MEAN.WTH.98","WTH","WTH.98",13,15,"20708",2024-12-06,341,NA,NA,123.063063063063,0.0992390803665021,"Mean"
"WARM.ART.3","ART","ART.3",2,4,"ART119",2024-12-04,339,NA,NA,NA,NA,"Warm"
"WARM.BLG.15","BLG","BLG.15",15,15,"BLG87",2024-12-11,346,NA,NA,106.902902902903,0.0813984248763216,"Warm"
"WARM.EDI.12","EDI","EDI.12",1,1,"EDI133",2024-12-07,342,NA,NA,NA,NA,"Warm"
"WARM.GLF.16","GLF","GLF.16",10,15,"GLF44",2024-12-11,346,NA,NA,119.267267267267,0.106912040860102,"Warm"
"WARM.GLF.5","GLF","GLF.5",11,15,"GLF6",2024-12-05,340,NA,NA,99.1511511511512,0.0412279271447427,"Warm"
"WARM.MCH.7","MCH","MCH.7",1,1,"MCH57",2024-12-07,342,NA,NA,NA,NA,"Warm"
"WARM.MUN.1","MUN","MUN.1",10,15,"MUN122",2024-12-04,339,NA,NA,100.624624624625,0.0468432387334261,"Warm"
"WARM.URD.1","URD","URD.1",11,15,"URD",2024-12-27,362,NA,NA,102.226226226226,0.0487335278143801,"Warm"
"WARM.URD.2","URD","URD.2",1,3,"URD",2024-12-27,362,NA,NA,NA,NA,"Warm"
"WARM.WTH.1","WTH","WTH.1",NA,15,"T19",2024-11-15,320,102.751112558722,65.08508509,93.1291291291291,0.114090086905995,"Warm"
"WARM.WTH.102","WTH","WTH.102",11,14,"14128",2024-12-06,341,NA,NA,108.376376376376,0.145128809496892,"Warm"
"WARM.WTH.103","WTH","WTH.103",12,15,"14128",2024-12-06,341,NA,NA,101.521521521522,0.0688625219429365,"Warm"
"WARM.WTH.104","WTH","WTH.104",7,8,"14128",2024-12-06,341,NA,NA,106.006006006006,0.0993402147854019,"Warm"
"WARM.WTH.106","WTH","WTH.106",NA,15,"14128",2024-12-06,341,NA,NA,103.718718718719,0.0890919498617006,"Warm"
"WARM.WTH.110","WTH","WTH.110",NA,15,"T11",2024-12-06,341,98.6583576948369,60.96296296,104.942942942943,0.0935618936206705,"Warm"
"WARM.WTH.111","WTH","WTH.111",7,8,"T14",2024-12-06,341,98.3931460949248,62.74074074,103.507507507508,0.060131789584107,"Warm"
"WARM.WTH.113","WTH","WTH.113",8,10,"T14",2024-12-06,341,98.3931460949248,62.74074074,99.4074074074074,0.0942379383912042,"Warm"
"WARM.WTH.114","WTH","WTH.114",14,15,"T14",2024-12-06,341,98.3931460949248,62.74074074,108.888888888889,0.0673284664191579,"Warm"
"WARM.WTH.117","WTH","WTH.117",14,15,"T14",2024-12-06,341,98.3931460949248,62.74074074,103.443443443443,0.0733166683588779,"Warm"
"WARM.WTH.118","WTH","WTH.118",9,15,"T14",2024-12-06,341,98.3931460949248,62.74074074,96.7167167167167,0.0391466814401215,"Warm"
"WARM.WTH.12","WTH","WTH.12",4,5,"17321",2024-11-25,330,NA,NA,111.571571571572,0.0698866926559092,"Warm"
"WARM.WTH.121","WTH","WTH.121",11,15,"T14",2024-12-06,341,98.3931460949248,62.74074074,101.457457457457,0.0767540680808534,"Warm"
"WARM.WTH.123","WTH","WTH.123",12,15,"T13",2024-12-06,341,98.2351958749806,60.66666667,109.721721721722,0.106379440474824,"Warm"
"WARM.WTH.127","WTH","WTH.127",5,7,"T12",2024-12-06,341,94.3318303824841,58.81481481,100.304304304304,0.0512594345939299,"Warm"
"WARM.WTH.13","WTH","WTH.13",10,15,"17321",2024-11-25,330,NA,NA,98.958958958959,0.0338817035601497,"Warm"
"WARM.WTH.130","WTH","WTH.130",NA,15,"T20",2024-12-06,341,104.037295159926,66.76676677,91.8478478478478,0.0719734096832043,"Warm"
"WARM.WTH.138","WTH","WTH.138",11,15,"T13",2024-12-09,344,98.2351958749806,60.66666667,107.607607607608,0.0627784059257963,"Warm"
"WARM.WTH.139","WTH","WTH.139",NA,15,"T13",2024-12-09,344,98.2351958749806,60.66666667,106.966966966967,0.146654512666626,"Warm"
"WARM.WTH.14","WTH","WTH.14",5,6,"T11",2024-11-25,330,98.6583576948369,60.96296296,103.456456456456,0.108315528015644,"Warm"
"WARM.WTH.142","WTH","WTH.142",8,7,"T11",2024-12-09,344,98.6583576948369,60.96296296,109.593593593594,0.106866639681231,"Warm"
"WARM.WTH.145","WTH","WTH.145",NA,15,"T3",2024-12-11,346,100.531026342095,62.64664665,100.176176176176,0.0972847585128026,"Warm"
"WARM.WTH.146","WTH","WTH.146",NA,15,"T8",2024-12-11,346,96.7072963464517,60.63663664,109.576576576577,0.0462736955435553,"Warm"
"WARM.WTH.148","WTH","WTH.148",9,15,"T14",2024-12-11,346,98.3931460949248,62.74074074,98.2542542542542,0.0485043855001329,"Warm"
"WARM.WTH.15","WTH","WTH.15",11,15,"14128",2024-11-25,330,NA,NA,104.916916916917,0.0609016979451602,"Warm"
"WARM.WTH.150","WTH","WTH.150",8,8,"T15",2024-12-11,346,99.5208219374215,64.44444444,105.237237237237,0.105024128496931,"Warm"
"WARM.WTH.151","WTH","WTH.151",11,13,"T20",2024-12-11,346,104.037295159926,66.76676677,106.582582582583,0.08792088495053,"Warm"
"WARM.WTH.152","WTH","WTH.152",17,15,"T20",2024-12-11,346,104.037295159926,66.76676677,109.081081081081,0.161851075575562,"Warm"
"WARM.WTH.153","WTH","WTH.153",14,15,"T3",2024-12-13,348,100.531026342095,62.64664665,105.045045045045,0.0959851772229435,"Warm"
"WARM.WTH.154","WTH","WTH.154",11,15,"T3",2024-12-13,348,100.531026342095,62.64664665,109.017017017017,0.117705425220381,"Warm"
"WARM.WTH.155","WTH","WTH.155",9,15,"T3",2024-12-13,348,100.531026342095,62.64664665,110.823823823824,0.0702366288563044,"Warm"
"WARM.WTH.157","WTH","WTH.157",15,15,"T5",2024-12-13,348,96.0456539658214,58.02202202,107.543543543544,0.0663958574145996,"Warm"
"WARM.WTH.158","WTH","WTH.158",NA,15,"T8",2024-12-13,348,96.7072963464517,60.63663664,107.543543543544,0.0837929298218458,"Warm"
"WARM.WTH.159","WTH","WTH.159",12,15,"T11",2024-12-13,348,98.6583576948369,60.96296296,111.882882882883,0.0796259514723522,"Warm"
"WARM.WTH.16","WTH","WTH.16",6,8,"T13",2024-11-25,330,98.2351958749806,60.66666667,97.2932932932933,0.0631234793096579,"Warm"
"WARM.WTH.160","WTH","WTH.160",14,15,"T12",2024-12-13,348,94.3318303824841,58.81481481,108.184184184184,0.0931847693726313,"Warm"
"WARM.WTH.161","WTH","WTH.161",NA,15,"T12",2024-12-13,348,94.3318303824841,58.81481481,106.031031031031,0.0925245964013648,"Warm"
"WARM.WTH.162","WTH","WTH.162",9,14,"T13",2024-12-13,348,98.2351958749806,60.66666667,104.34034034034,0.0652326775709589,"Warm"
"WARM.WTH.164","WTH","WTH.164",NA,15,"T14",2024-12-13,348,98.3931460949248,62.74074074,106.198198198198,0.15111623291313,"Warm"
"WARM.WTH.167","WTH","WTH.167",14,15,"T16",2024-12-13,348,98.358661241837,60.92092092,107.415415415415,0.0900722862093091,"Warm"
"WARM.WTH.168","WTH","WTH.168",7,10,"T19",2024-12-13,348,102.751112558722,65.08508509,111.481481481481,0.0843643086379099,"Warm"
"WARM.WTH.17","WTH","WTH.17",7,15,"T18",2024-11-25,330,117.724246440595,73.09309309,90.5025025025025,0.0565735408445405,"Warm"
"WARM.WTH.170","WTH","WTH.170",14,15,"T3",2024-12-16,351,100.531026342095,62.64664665,111.195195195195,0.145896888490722,"Warm"
"WARM.WTH.176","WTH","WTH.176",11,15,"T3",2024-12-18,353,100.531026342095,62.64664665,105.173173173173,0.0344975898094657,"Warm"
"WARM.WTH.179","WTH","WTH.179",10,14,"T12",2024-12-18,353,94.3318303824841,58.81481481,108.696696696697,0.0488634135658816,"Warm"
"WARM.WTH.22","WTH","WTH.22",NA,15,"T19",2024-11-25,330,102.751112558722,65.08508509,96.4604604604605,0.065027228551171,"Warm"
"WARM.WTH.23","WTH","WTH.23",NA,15,"T20",2024-11-25,330,104.037295159926,66.76676677,94.3463463463463,0.0552584403719932,"Warm"
"WARM.WTH.25","WTH","WTH.25",13,15,"T4",2024-11-25,330,104.298149373327,61.5955956,103.059059059059,0.0617975159639236,"Warm"
"WARM.WTH.26","WTH","WTH.26",7,10,"T3",2024-11-25,330,100.531026342095,62.64664665,103.62962962963,0.0538167531785063,"Warm"
"WARM.WTH.29","WTH","WTH.29",7,8,"T4",2024-11-25,330,104.298149373327,61.5955956,100.348348348348,0.0663091552542468,"Warm"
"WARM.WTH.33","WTH","WTH.33",9,8,"T4",2024-11-25,330,104.298149373327,61.5955956,109.145145145145,0.0739282750996811,"Warm"
"WARM.WTH.37","WTH","WTH.37",8,15,"T13",2024-11-27,332,98.2351958749806,60.66666667,103.059059059059,0.0527089552752908,"Warm"
"WARM.WTH.38","WTH","WTH.38",9,15,"14128",2024-11-27,332,NA,NA,93.8338338338338,0.0494864462984565,"Warm"
"WARM.WTH.39","WTH","WTH.39",6,15,"T14",2024-11-27,332,98.3931460949248,62.74074074,113.75975975976,0.0450104775007601,"Warm"
"WARM.WTH.41","WTH","WTH.41",9,11,"T4",2024-11-27,332,104.298149373327,61.5955956,102.098098098098,0.0503673048283399,"Warm"
"WARM.WTH.42","WTH","WTH.42",10,15,"T17",2024-11-27,332,109.294235771317,70.45045045,101.483483483483,0.0358118162209951,"Warm"
"WARM.WTH.43","WTH","WTH.43",NA,15,"T4",2024-11-29,334,104.298149373327,61.5955956,99.983983983984,0.0698030288787914,"Warm"
"WARM.WTH.44","WTH","WTH.44",NA,15,"T4",2024-11-29,334,104.298149373327,61.5955956,96.9089089089089,0.0614532922498965,"Warm"
"WARM.WTH.47","WTH","WTH.47",8,9,"T20",2024-11-29,334,104.037295159926,66.76676677,104.561561561562,0.0492212332762705,"Warm"
"WARM.WTH.48","WTH","WTH.48",10,15,"14128",2024-11-29,334,NA,NA,102.610610610611,0.0480343981838242,"Warm"
"WARM.WTH.49","WTH","WTH.49",12,15,"14128",2024-11-29,334,NA,NA,105.557557557558,0.0577597403819131,"Warm"
"WARM.WTH.50","WTH","WTH.50",15,15,"T13",2024-11-29,334,98.2351958749806,60.66666667,99.5355355355355,0.0697330161647287,"Warm"
"WARM.WTH.53","WTH","WTH.53",10,15,"T14",2024-12-02,337,98.3931460949248,62.74074074,103.251251251251,0.0625583625558615,"Warm"
"WARM.WTH.60","WTH","WTH.60",NA,15,"T12",2024-12-02,337,94.3318303824841,58.81481481,101.201201201201,0.0846304915971684,"Warm"
"WARM.WTH.64","WTH","WTH.64",10,15,"T7",2024-12-02,337,103.04963707727,61.87587588,106.164164164164,0.0484273486599856,"Warm"
"WARM.WTH.70","WTH","WTH.70",14,15,"T2",2024-12-04,339,102.297714241603,64.04804805,111.06006006006,0.132005164258513,"Warm"
"WARM.WTH.74","WTH","WTH.74",10,15,"T4",2024-12-04,339,104.298149373327,61.5955956,105.109109109109,0.0886362630254147,"Warm"
"WARM.WTH.78","WTH","WTH.78",10,15,"T3",2024-12-06,341,100.531026342095,62.64664665,107.7997997998,0.106180598703116,"Warm"
"WARM.WTH.84","WTH","WTH.84",5,6,"T3",2024-12-06,341,100.531026342095,62.64664665,105.813813813814,0.0731583835952512,"Warm"
"WARM.WTH.86","WTH","WTH.86",12,NA,NA,NA,NA,NA,NA,105.66966966967,0.0572430054685807,"Warm"
"WARM.WTH.88","WTH","WTH.88",6,5,"T3",2024-12-06,341,100.531026342095,62.64664665,105.557557557558,0.113693343176452,"Warm"
"WARM.WTH.89","WTH","WTH.89",12,15,"T4",2024-12-06,341,104.298149373327,61.5955956,104.532532532533,0.0817388041133079,"Warm"
"WARM.WTH.92","WTH","WTH.92",8,10,"T4",2024-12-06,341,104.298149373327,61.5955956,100.112112112112,0.114034280907104,"Warm"
"WARM.WTH.94","WTH","WTH.94",7,8,"T6",2024-12-06,341,100.765420311927,62.22622623,98.1901901901902,0.0521376185337648,"Warm"
"WARM.WTH.96","WTH","WTH.96",9,15,"T9",2024-12-06,341,100.244090206684,62.97497497,102.482482482482,0.0591662585118818,"Warm"
"WARM.WTH.98","WTH","WTH.98",14,15,"20708",2024-12-06,341,NA,NA,109.593593593594,0.15450123925399,"Warm"
