clutch_code,egg_number,area,mean_area
1216,1,1.90E-01,
1216,2,2.47E-01,
1216,3,1.85E-01,
1216,4,2.01E-01,
1216,5,1.69E-01,
1216,6,1.79E-01,
1216,7,1.97E-01,
1216,8,1.98E-01,
1216,9,1.70E-01,
1216,10,1.79E-01,1.91E-01
1554,1,1.86E-01,
1554,2,1.97E-01,
1554,3,1.80E-01,
1554,4,1.92E-01,
1554,5,1.83E-01,
1554,6,1.88E-01,
1554,7,1.88E-01,
1554,8,1.87E-01,
1554,9,2.03E-01,
1554,10,1.87E-01,1.89E-01
2046,1,1.97E-01,
2046,2,2.06E-01,
2046,3,2.32E-01,
2046,4,2.17E-01,
2046,5,2.14E-01,
2046,6,2.17E-01,
2046,7,2.42E-01,
2046,8,2.17E-01,
2046,9,2.13E-01,
2046,10,2.04E-01,2.16E-01
2598,1,2.02E-01,
2598,2,2.04E-01,
2598,3,1.79E-01,
2598,4,1.93E-01,
2598,5,1.79E-01,
2598,6,1.93E-01,
2598,7,1.94E-01,
2598,8,2.04E-01,
2598,9,1.98E-01,
2598,10,1.79E-01,1.92E-01
2613,1,2.09E-01,
2613,2,2.22E-01,
2613,3,2.24E-01,
2613,4,2.16E-01,
2613,5,2.05E-01,
2613,6,2.37E-01,
2613,7,2.32E-01,
2613,8,2.52E-01,
2613,9,2.15E-01,
2613,10,2.18E-01,2.23E-01
2841,1,2.17E-01,
2841,2,2.15E-01,
2841,3,2.14E-01,
2841,4,2.16E-01,
2841,5,2.20E-01,
2841,6,1.85E-01,
2841,7,2.20E-01,
2841,8,2.04E-01,
2841,9,1.92E-01,
2841,10,1.79E-01,2.06E-01
3566,1,2.43E-01,
3566,2,2.29E-01,
3566,3,2.45E-01,
3566,4,2.49E-01,
3566,5,2.42E-01,
3566,6,2.37E-01,
3566,7,2.25E-01,
3566,8,2.09E-01,
3566,9,2.37E-01,
3566,10,2.46E-01,2.36E-01
3887,1,1.88E-01,
3887,2,1.91E-01,
3887,3,1.92E-01,
3887,4,2.04E-01,
3887,5,1.96E-01,
3887,6,1.71E-01,
3887,7,1.84E-01,
3887,8,1.88E-01,
3887,9,2.09E-01,
3887,10,1.80E-01,1.90E-01
3797,1,2.09E-01,
3797,2,2.20E-01,
3797,3,2.11E-01,2.14E-01
4206,1,2.03E-01,
4206,2,2.45E-01,
4206,3,2.29E-01,
4206,4,1.63E-01,
4206,5,2.08E-01,
4206,6,2.47E-01,
4206,7,1.93E-01,
4206,8,2.25E-01,
4206,9,2.05E-01,
4206,10,2.04E-01,2.12E-01
4370,1,2.06E-01,
4370,2,1.86E-01,
4370,3,2.05E-01,
4370,4,2.02E-01,
4370,5,1.93E-01,
4370,6,2.09E-01,
4370,7,2.03E-01,
4370,8,1.81E-01,
4370,9,1.98E-01,
4370,10,2.05E-01,1.99E-01
4936,1,1.44E-01,
4936,2,1.60E-01,
4936,3,1.65E-01,
4936,4,1.52E-01,
4936,5,1.60E-01,
4936,6,1.60E-01,
4936,7,2.10E-01,
4936,8,1.73E-01,
4936,9,1.55E-01,
4936,10,1.64E-01,1.64E-01
4994,1,2.04E-01,
4994,2,1.98E-01,
4994,3,2.10E-01,
4994,4,2.17E-01,
4994,5,2.06E-01,
4994,6,2.06E-01,
4994,7,1.86E-01,
4994,8,1.86E-01,
4994,9,1.88E-01,
4994,10,2.05E-01,2.01E-01
5088,1,2.02E-01,
5088,2,2.08E-01,
5088,3,2.17E-01,
5088,4,2.01E-01,
5088,5,2.15E-01,
5088,6,2.14E-01,
5088,7,2.06E-01,
5088,8,2.25E-01,
5088,9,2.27E-01,
5088,10,1.97E-01,2.11E-01
5236,1,1.82E-01,
5236,2,2.15E-01,
5236,3,2.03E-01,
5236,4,1.89E-01,
5236,5,2.26E-01,
5236,6,2.21E-01,
5236,7,2.09E-01,
5236,8,2.21E-01,
5236,9,2.04E-01,
5236,10,2.08E-01,2.08E-01
5468,1,2.03E-01,
5468,2,2.02E-01,
5468,3,1.98E-01,
5468,4,1.98E-01,
5468,5,1.82E-01,
5468,6,1.92E-01,
5468,7,2.05E-01,
5468,8,1.93E-01,
5468,9,1.83E-01,
5468,10,2.08E-01,1.96E-01
5760,1,2.15E-01,
5760,2,1.93E-01,
5760,3,2.09E-01,
5760,4,1.95E-01,
5760,5,2.22E-01,
5760,6,2.06E-01,
5760,7,2.41E-01,
5760,8,2.02E-01,
5760,9,2.09E-01,
5760,10,2.03E-01,2.09E-01
6106,1,1.92E-01,
6106,2,2.05E-01,
6106,3,2.07E-01,
6106,4,1.96E-01,
6106,5,1.94E-01,
6106,6,1.97E-01,
6106,7,1.72E-01,
6106,8,2.11E-01,
6106,9,1.89E-01,
6106,10,1.88E-01,1.95E-01
7169,1,1.94E-01,
7169,2,2.12E-01,
7169,3,2.02E-01,2.02E-01
7215,1,2.12E-01,
7215,2,2.17E-01,
7215,3,1.98E-01,
7215,4,2.00E-01,
7215,5,1.87E-01,
7215,6,1.55E-01,
7215,7,1.96E-01,
7215,8,2.00E-01,
7215,9,2.24E-01,
7215,10,2.04E-01,1.99E-01
7745,1,2.04E-01,
7745,2,2.14E-01,
7745,3,2.08E-01,
7745,4,2.03E-01,
7745,5,2.14E-01,
7745,6,2.09E-01,
7745,7,2.08E-01,
7745,8,2.06E-01,
7745,9,2.09E-01,
7745,10,2.10E-01,2.08E-01
8066,1,2.22E-01,
8066,2,2.85E-01,
8066,3,2.24E-01,
8066,4,2.53E-01,
8066,5,2.09E-01,
8066,6,2.35E-01,
8066,7,2.18E-01,
8066,8,2.11E-01,
8066,9,2.12E-01,
8066,10,2.29E-01,2.30E-01
8788,1,1.88E-01,
8788,2,1.98E-01,
8788,3,1.96E-01,
8788,4,1.87E-01,
8788,5,2.02E-01,
8788,6,2.05E-01,
8788,7,1.98E-01,
8788,8,2.06E-01,
8788,9,1.97E-01,
8788,10,1.99E-01,1.98E-01
8988,1,2.05E-01,
8988,2,1.88E-01,
8988,3,1.84E-01,
8988,4,1.88E-01,
8988,5,1.98E-01,
8988,6,1.72E-01,
8988,7,2.25E-01,
8988,8,2.06E-01,
8988,9,1.95E-01,
8988,10,2.15E-01,1.98E-01
9156,1,2.49E-01,
9156,2,2.11E-01,
9156,3,2.15E-01,
9156,4,2.17E-01,
9156,5,2.03E-01,
9156,6,2.17E-01,2.19E-01
9357,1,1.88E-01,
9357,2,2.02E-01,
9357,3,2.27E-01,
9357,4,1.95E-01,
9357,5,1.95E-01,
9357,6,1.82E-01,
9357,7,1.77E-01,
9357,8,1.98E-01,
9357,9,1.93E-01,
9357,10,1.66E-01,1.92E-01
9779,1,1.94E-01,
9779,2,1.80E-01,
9779,3,1.86E-01,
9779,4,1.94E-01,
9779,5,1.85E-01,
9779,6,1.95E-01,
9779,7,1.85E-01,
9779,8,1.87E-01,
9779,9,1.93E-01,
9779,10,1.80E-01,1.88E-01
3906,1,2.08E-01,
3906,2,2.44E-01,
3906,3,2.05E-01,
3906,4,2.54E-01,
3906,5,2.17E-01,
3906,6,2.08E-01,
3906,7,2.51E-01,
3906,8,2.35E-01,
3906,9,2.09E-01,
3906,10,2.19E-01,2.25E-01
1293,1,2.07E-01,
1293,2,1.75E-01,
1293,3,1.77E-01,
1293,4,2.05E-01,
1293,5,1.92E-01,
1293,6,1.69E-01,
1293,7,1.58E-01,
1293,8,2.06E-01,
1293,9,2.10E-01,
1293,10,2.09E-01,1.91E-01
9468,1,1.70E-01,
9468,2,2.05E-01,
9468,3,1.80E-01,
9468,4,1.89E-01,
9468,5,2.30E-01,
9468,6,1.66E-01,
9468,7,1.90E-01,
9468,8,2.04E-01,
9468,9,1.93E-01,
9468,10,1.74E-01,1.90E-01
1040,1,1.79E-01,
1040,2,1.96E-01,
1040,3,1.81E-01,
1040,4,1.83E-01,
1040,5,1.99E-01,
1040,6,2.01E-01,
1040,7,2.11E-01,
1040,8,2.08E-01,
1040,9,2.05E-01,
1040,10,1.76E-01,1.94E-01
9507,1,1.94E-01,
9507,2,1.96E-01,
9507,3,2.03E-01,
9507,4,1.84E-01,
9507,5,1.98E-01,
9507,6,1.99E-01,
9507,7,1.97E-01,
9507,8,1.78E-01,
9507,9,1.97E-01,
9507,10,1.80E-01,1.93E-01
8390,1,1.90E-01,
8390,2,1.94E-01,
8390,3,2.14E-01,
8390,4,2.08E-01,
8390,5,2.01E-01,
8390,6,2.08E-01,
8390,7,2.12E-01,
8390,8,2.03E-01,
8390,9,2.05E-01,
8390,10,2.00E-01,2.03E-01
7671,1,2.52E-01,
7671,2,2.36E-01,
7671,3,2.43E-01,
7671,4,2.47E-01,
7671,5,2.62E-01,
7671,6,2.34E-01,
7671,7,2.49E-01,
7671,8,2.52E-01,
7671,9,2.50E-01,
7671,10,1.98E-01,2.42E-01
8283,1,2.24E-01,
8283,2,2.11E-01,
8283,3,2.02E-01,
8283,4,2.08E-01,
8283,5,2.12E-01,
8283,6,2.14E-01,
8283,7,2.16E-01,
8283,8,2.04E-01,
8283,9,2.19E-01,
8283,10,1.95E-01,2.10E-01
3503,1,2.02E-01,
3503,2,1.87E-01,
3503,3,1.79E-01,
3503,4,1.80E-01,
3503,5,1.92E-01,
3503,6,1.96E-01,
3503,7,1.96E-01,
3503,8,1.78E-01,
3503,9,1.94E-01,
3503,10,1.74E-01,1.88E-01
7741,1,2.17E-01,
7741,2,2.08E-01,
7741,3,1.97E-01,
7741,4,2.13E-01,
7741,5,2.08E-01,
7741,6,2.19E-01,
7741,7,1.98E-01,
7741,8,1.99E-01,
7741,9,2.16E-01,
7741,10,1.95E-01,2.07E-01
9943,1,1.99E-01,
9943,2,2.25E-01,
9943,3,1.99E-01,
9943,4,2.29E-01,
9943,5,2.08E-01,
9943,6,2.21E-01,
9943,7,2.33E-01,
9943,8,2.16E-01,
9943,9,2.35E-01,
9943,10,2.11E-01,2.18E-01
7128,1,2.22E-01,
7128,2,2.07E-01,
7128,3,2.36E-01,
7128,4,2.28E-01,
7128,5,2.26E-01,
7128,6,1.98E-01,
7128,7,2.56E-01,
7128,8,1.93E-01,
7128,9,2.40E-01,
7128,10,2.12E-01,2.22E-01
5611,1,2.11E-01,
5611,2,2.15E-01,
5611,3,1.87E-01,
5611,4,1.90E-01,
5611,5,2.10E-01,
5611,6,1.95E-01,
5611,7,1.94E-01,
5611,8,2.02E-01,
5611,9,1.99E-01,
5611,10,2.07E-01,2.01E-01
3116,1,2.12E-01,
3116,2,1.90E-01,
3116,3,2.13E-01,
3116,4,2.06E-01,
3116,5,1.77E-01,
3116,6,1.96E-01,
3116,7,1.97E-01,
3116,8,1.63E-01,
3116,9,1.93E-01,
3116,10,1.92E-01,1.94E-01
7133,1,2.05E-01,
7133,2,2.18E-01,
7133,3,2.13E-01,
7133,4,2.02E-01,
7133,5,1.90E-01,
7133,6,2.07E-01,2.06E-01
1754,1,2.01E-01,
1754,2,1.96E-01,
1754,3,1.89E-01,
1754,4,1.95E-01,
1754,5,1.77E-01,
1754,6,2.07E-01,
1754,7,1.96E-01,
1754,8,1.76E-01,
1754,9,1.91E-01,
1754,10,1.96E-01,1.92E-01
6427,1,2.05E-01,
6427,2,1.88E-01,
6427,3,1.91E-01,
6427,4,2.05E-01,
6427,5,2.03E-01,
6427,6,1.99E-01,
6427,7,2.09E-01,
6427,8,2.08E-01,
6427,9,1.97E-01,
6427,10,2.04E-01,2.01E-01
4782,1,2.49E-01,
4782,2,2.48E-01,
4782,3,2.30E-01,
4782,4,2.12E-01,
4782,5,2.36E-01,
4782,6,2.38E-01,
4782,7,2.40E-01,
4782,8,2.23E-01,
4782,9,2.31E-01,
4782,10,2.67E-01,2.37E-01
7552,1,2.06E-01,
7552,2,1.94E-01,
7552,3,2.25E-01,
7552,4,2.06E-01,
7552,5,2.19E-01,
7552,6,2.14E-01,
7552,7,2.04E-01,
7552,8,2.07E-01,
7552,9,2.18E-01,
7552,10,2.06E-01,2.10E-01
8126,1,1.95E-01,
8126,2,1.83E-01,
8126,3,1.87E-01,
8126,4,1.92E-01,
8126,5,2.09E-01,
8126,6,2.08E-01,
8126,7,2.05E-01,
8126,8,2.17E-01,
8126,9,2.06E-01,
8126,10,2.06E-01,2.01E-01
4357,1,2.00E-01,
4357,2,2.10E-01,
4357,3,2.14E-01,
4357,4,2.79E-01,
4357,5,1.96E-01,
4357,6,2.17E-01,
4357,7,2.21E-01,
4357,8,2.02E-01,
4357,9,2.27E-01,
4357,10,2.39E-01,2.20E-01
4979,1,1.99E-01,
4979,2,1.98E-01,
4979,3,1.96E-01,
4979,4,2.10E-01,
4979,5,1.84E-01,
4979,6,2.03E-01,
4979,7,1.98E-01,
4979,8,2.16E-01,
4979,9,2.08E-01,
4979,10,1.91E-01,2.00E-01
4229,1,1.97E-01,
4229,2,1.99E-01,
4229,3,2.22E-01,
4229,4,2.05E-01,
4229,5,2.03E-01,
4229,6,1.79E-01,
4229,7,2.02E-01,
4229,8,2.13E-01,
4229,9,2.15E-01,
4229,10,1.99E-01,2.03E-01
6602,1,1.62E-01,
6602,2,1.79E-01,
6602,3,1.86E-01,
6602,4,1.57E-01,
6602,5,1.76E-01,
6602,6,2.09E-01,
6602,7,1.65E-01,
6602,8,1.89E-01,
6602,9,2.06E-01,
6602,10,1.73E-01,1.80E-01
5575,1,1.95E-01,
5575,2,1.92E-01,
5575,3,1.95E-01,
5575,4,1.61E-01,
5575,5,1.64E-01,
5575,6,1.84E-01,
5575,7,1.91E-01,
5575,8,2.03E-01,
5575,9,2.07E-01,
5575,10,2.01E-01,1.89E-01
8830,1,2.34E-01,
8830,2,2.18E-01,
8830,3,2.43E-01,
8830,4,2.04E-01,
8830,5,2.21E-01,
8830,6,2.49E-01,
8830,7,2.27E-01,
8830,8,2.39E-01,
8830,9,2.32E-01,
8830,10,2.20E-01,2.29E-01
3377,1,2.05E-01,
3377,2,2.02E-01,
3377,3,2.27E-01,
3377,4,1.97E-01,
3377,5,2.18E-01,
3377,6,1.96E-01,
3377,7,1.73E-01,
3377,8,1.97E-01,
3377,9,1.94E-01,
3377,10,1.78E-01,1.99E-01
5043,1,1.79E-01,
5043,2,2.07E-01,
5043,3,1.90E-01,
5043,4,1.92E-01,
5043,5,2.12E-01,
5043,6,2.05E-01,
5043,7,1.83E-01,
5043,8,2.34E-01,
5043,9,1.98E-01,
5043,10,1.86E-01,
5043,11,1.94E-01,1.98E-01
1685,1,1.93E-01,
1685,2,1.87E-01,
1685,3,1.95E-01,
1685,4,1.94E-01,
1685,5,2.28E-01,
1685,6,2.00E-01,
1685,7,2.06E-01,
1685,8,1.84E-01,
1685,9,1.89E-01,
1685,10,1.87E-01,1.96E-01
7077,1,2.09E-01,
7077,2,2.17E-01,
7077,3,2.11E-01,
7077,4,1.96E-01,
7077,5,1.97E-01,
7077,6,2.18E-01,
7077,7,2.08E-01,
7077,8,2.17E-01,
7077,9,2.22E-01,
7077,10,1.93E-01,2.09E-01
6026,1,2.16E-01,
6026,2,2.34E-01,
6026,3,2.32E-01,
6026,4,2.44E-01,
6026,5,2.22E-01,
6026,6,2.03E-01,
6026,7,2.03E-01,
6026,8,2.25E-01,
6026,9,2.28E-01,
6026,10,2.13E-01,2.22E-01
7386,1,1.93E-01,
7386,2,1.89E-01,
7386,3,1.75E-01,
7386,4,1.94E-01,
7386,5,2.12E-01,
7386,6,2.00E-01,
7386,7,2.02E-01,
7386,8,1.97E-01,
7386,9,1.99E-01,
7386,10,2.04E-01,1.97E-01
8280,1,1.98E-01,
8280,2,1.81E-01,
8280,3,2.03E-01,
8280,4,1.93E-01,
8280,5,2.00E-01,
8280,6,1.86E-01,
8280,7,1.90E-01,
8280,8,1.91E-01,
8280,9,1.85E-01,
8280,10,1.76E-01,1.90E-01
5714,1,2.06E-01,
5714,2,2.21E-01,
5714,3,2.01E-01,
5714,4,1.86E-01,
5714,5,1.80E-01,
5714,6,1.96E-01,
5714,7,2.06E-01,
5714,8,2.36E-01,
5714,9,1.78E-01,
5714,10,1.92E-01,2.00E-01
1150,1,1.99E-01,
1150,2,1.96E-01,
1150,3,1.94E-01,
1150,4,2.07E-01,
1150,5,2.10E-01,
1150,6,1.69E-01,
1150,7,1.74E-01,
1150,8,2.08E-01,
1150,9,2.12E-01,
1150,10,2.00E-01,1.97E-01
7809,1,2.05E-01,
7809,2,2.05E-01,
7809,3,2.06E-01,
7809,4,2.06E-01,
7809,5,2.19E-01,
7809,6,2.03E-01,
7809,7,2.07E-01,
7809,8,2.17E-01,
7809,9,2.05E-01,
7809,10,2.11E-01,2.09E-01
9173,1,2.36E-01,
9173,2,1.94E-01,
9173,3,1.99E-01,
9173,4,1.82E-01,
9173,5,2.01E-01,
9173,6,1.95E-01,
9173,7,2.10E-01,
9173,8,2.08E-01,
9173,9,2.09E-01,
9173,10,1.92E-01,2.03E-01
7910,1,2.20E-01,
7910,2,1.93E-01,
7910,3,2.12E-01,
7910,4,2.05E-01,
7910,5,1.95E-01,
7910,6,2.09E-01,
7910,7,1.97E-01,
7910,8,2.03E-01,
7910,9,1.86E-01,
7910,10,1.96E-01,2.02E-01
3207,1.00E+00,2.13E-01,
3207,2,2.24E-01,
3207,3,1.98E-01,
3207,4,2.43E-01,
3207,5,2.17E-01,
3207,6,1.86E-01,
3207,7,2.06E-01,
3207,8,1.80E-01,
3207,9,1.99E-01,
3207,10,1.95E-01,2.06E-01
2028,1,1.90E-01,
2028,2,2.20E-01,
2028,3,2.30E-01,
2028,4,2.17E-01,
2028,5,1.94E-01,
2028,6,1.92E-01,
2028,7,1.89E-01,
2028,8,1.88E-01,
2028,9,1.99E-01,
2028,10,1.86E-01,2.00E-01
3506,1,2.09E-01,
3506,2,1.93E-01,
3506,3,1.88E-01,
3506,4,2.00E-01,
3506,5,1.96E-01,
3506,6,2.12E-01,
3506,7,2.07E-01,
3506,8,2.04E-01,
3506,9,2.09E-01,2.02E-01
1194,1,2.28E-01,
1194,2,2.43E-01,
1194,3,2.13E-01,
1194,4,2.27E-01,
1194,5,2.27E-01,
1194,6,2.22E-01,
1194,7,2.32E-01,
1194,8,2.22E-01,
1194,9,2.31E-01,
1194,10,2.22E-01,2.27E-01
5649,1,2.12E-01,
5649,2,2.16E-01,
5649,3,2.30E-01,
5649,4,1.94E-01,
5649,5,2.24E-01,
5649,6,2.09E-01,
5649,7,2.12E-01,
5649,8,2.03E-01,
5649,9,2.08E-01,
5649,10,2.01E-01,2.11E-01
9517,1,1.99E-01,
9517,2,2.06E-01,
9517,3,1.90E-01,
9517,4,1.80E-01,
9517,5,1.93E-01,
9517,6,1.83E-01,
9517,7,1.82E-01,
9517,8,2.10E-01,
9517,9,1.83E-01,
9517,10,2.00E-01,1.93E-01
8447,1,2.12E-01,
8447,2,2.00E-01,
8447,3,2.19E-01,
8447,4,2.17E-01,
8447,5,2.04E-01,
8447,6,1.98E-01,
8447,7,2.00E-01,
8447,8,2.01E-01,
8447,9,1.99E-01,
8447,10,1.90E-01,2.04E-01
8734,1,2.12E-01,
8734,2,2.15E-01,
8734,3,1.96E-01,
8734,4,2.03E-01,
8734,5,2.16E-01,
8734,6,1.98E-01,
8734,7,2.04E-01,
8734,8,1.94E-01,
8734,9,2.05E-01,
8734,10,1.97E-01,2.04E-01
9010,1,2.06E-01,
9010,2,2.18E-01,
9010,3,2.33E-01,
9010,4,2.16E-01,
9010,5,2.09E-01,
9010,6,2.13E-01,
9010,7,2.22E-01,
9010,8,2.02E-01,
9010,9,2.47E-01,
9010,10,2.30E-01,2.20E-01
2955,1,1.86E-01,
2955,2,1.91E-01,
2955,3,1.97E-01,
2955,4,1.96E-01,
2955,5,1.84E-01,
2955,6,1.88E-01,
2955,7,2.03E-01,
2955,8,2.01E-01,
2955,9,1.99E-01,
2955,10,2.06E-01,1.95E-01
9171,1,2.29E-01,
9171,2,2.15E-01,
9171,3,1.97E-01,
9171,4,2.06E-01,
9171,5,2.04E-01,
9171,6,2.24E-01,
9171,7,2.01E-01,
9171,8,1.99E-01,
9171,9,2.06E-01,
9171,10,2.16E-01,2.10E-01
6883,1,2.00E-01,
6883,2,2.06E-01,
6883,3,2.41E-01,
6883,4,2.33E-01,
6883,5,2.23E-01,
6883,6,1.97E-01,
6883,7,2.12E-01,
6883,8,1.95E-01,
6883,9,2.02E-01,
6883,10,2.37E-01,2.15E-01
1984,1,2.26E-01,
1984,2,2.17E-01,
1984,3,2.04E-01,
1984,4,2.04E-01,
1984,5,2.11E-01,
1984,6,1.83E-01,
1984,7,2.03E-01,
1984,8,2.14E-01,
1984,9,2.17E-01,
1984,10,1.88E-01,2.07E-01
7182,1,1.83E-01,
7182,2,2.00E-01,
7182,3,1.92E-01,
7182,4,2.15E-01,
7182,5,2.18E-01,
7182,6,1.86E-01,
7182,7,2.08E-01,
7182,8,2.07E-01,
7182,9,1.84E-01,
7182,10,1.89E-01,1.98E-01
1985,1,1.78E-01,
1985,2,1.87E-01,
1985,3,1.89E-01,
1985,4,1.63E-01,
1985,5,2.00E-01,
1985,6,1.83E-01,
1985,7,1.67E-01,
1985,8,1.80E-01,
1985,9,2.08E-01,
1985,10,1.89E-01,1.84E-01
5232,1,2.25E-01,
5232,2,2.25E-01,
5232,3,1.98E-01,
5232,4,1.96E-01,
5232,5,2.08E-01,
5232,6,2.14E-01,
5232,7,1.96E-01,
5232,8,1.94E-01,
5232,9,1.93E-01,
5232,10,2.09E-01,2.06E-01
2583,1,2.16E-01,
2583,2,2.47E-01,
2583,3,2.26E-01,
2583,4,2.08E-01,
2583,5,2.39E-01,
2583,6,2.25E-01,
2583,7,2.04E-01,
2583,8,1.95E-01,
2583,9,2.02E-01,
2583,10,2.31E-01,2.19E-01
5684,1,2.01E-01,
5684,2,1.88E-01,
5684,3,1.87E-01,
5684,4,1.94E-01,
5684,5,2.11E-01,
5684,6,1.85E-01,
5684,7,1.99E-01,
5684,8,1.85E-01,
5684,9,2.09E-01,
5684,10,1.78E-01,1.94E-01
8863,1,1.70E-01,
8863,2,1.79E-01,
8863,3,1.92E-01,
8863,4,1.86E-01,
8863,5,1.69E-01,
8863,6,1.84E-01,
8863,7,1.52E-01,
8863,8,1.95E-01,
8863,9,1.87E-01,
8863,10,1.87E-01,1.80E-01
5755,1,2.11E-01,
5755,2,2.18E-01,
5755,3,2.00E-01,
5755,4,2.03E-01,
5755,5,2.14E-01,
5755,6,2.10E-01,
5755,7,1.93E-01,
5755,8,2.18E-01,
5755,9,2.09E-01,
5755,10,2.03E-01,2.08E-01
7643,1,2.07E-01,
7643,2,2.10E-01,
7643,3,2.05E-01,
7643,4,2.30E-01,
7643,5,1.98E-01,
7643,6,2.21E-01,
7643,7,2.07E-01,
7643,8,2.24E-01,
7643,9,2.18E-01,
7643,10,2.11E-01,2.13E-01
9912,1,2.02E-01,
9912,2,2.02E-01,
9912,3,1.97E-01,
9912,4,2.02E-01,
9912,5,2.02E-01,
9912,6,2.07E-01,
9912,7,1.96E-01,
9912,8,2.03E-01,
9912,9,1.80E-01,
9912,10,1.78E-01,1.97E-01
9535,1,1.97E-01,
9535,2,1.90E-01,
9535,3,2.03E-01,
9535,4,2.10E-01,
9535,5,2.08E-01,
9535,6,2.02E-01,
9535,7,2.51E-01,
9535,8,2.09E-01,
9535,9,1.93E-01,
9535,10,2.00E-01,2.06E-01
8477,1,1.81E-01,
8477,2,1.70E-01,
8477,3,1.94E-01,
8477,4,1.87E-01,
8477,5,1.94E-01,
8477,6,2.01E-01,
8477,7,1.82E-01,
8477,8,1.66E-01,
8477,9,1.82E-01,
8477,10,1.82E-01,1.84E-01
4463,1,1.82E-01,
4463,2,1.80E-01,
4463,3,1.59E-01,
4463,4,1.91E-01,
4463,5,1.87E-01,
4463,6,1.83E-01,
4463,7,1.69E-01,
4463,8,1.85E-01,
4463,9,1.83E-01,
4463,10,1.86E-01,1.80E-01
4948,1,2.10E-01,
4948,2,2.04E-01,
4948,3,2.15E-01,
4948,4,2.03E-01,
4948,5,2.08E-01,
4948,6,2.14E-01,
4948,7,2.09E-01,
4948,8,2.10E-01,
4948,9,2.18E-01,
4948,10,1.92E-01,2.09E-01
8756,1,2.09E-01,
8756,2,1.95E-01,
8756,3,1.89E-01,
8756,4,1.78E-01,
8756,5,2.04E-01,
8756,6,1.84E-01,
8756,7,1.90E-01,
8756,8,2.24E-01,
8756,9,1.95E-01,
8756,10,1.96E-01,1.97E-01
3757,1,2.24E-01,
3757,2,2.03E-01,
3757,3,2.19E-01,
3757,4,2.15E-01,
3757,5,2.03E-01,
3757,6,1.98E-01,
3757,7,2.43E-01,
3757,8,2.43E-01,
3757,9,2.46E-01,
3757,10,2.31E-01,2.23E-01
4832,1,2.02E-01,
4832,2,1.89E-01,
4832,3,1.93E-01,
4832,4,1.93E-01,
4832,5,1.96E-01,
4832,6,1.77E-01,
4832,7,2.13E-01,
4832,8,1.83E-01,
4832,9,2.04E-01,
4832,10,1.94E-01,1.94E-01
1711,1,2.10E-01,
1711,2,2.21E-01,
1711,3,2.14E-01,
1711,4,2.14E-01,
1711,5,2.25E-01,
1711,6,2.03E-01,
1711,7,2.10E-01,
1711,8,2.09E-01,
1711,9,2.17E-01,
1711,10,2.00E-01,2.12E-01
6369,1,2.12E-01,
6369,2,2.48E-01,
6369,3,2.80E-01,
6369,4,2.29E-01,
6369,5,2.54E-01,
6369,6,2.18E-01,
6369,7,2.29E-01,
6369,8,2.32E-01,
6369,9,2.36E-01,
6369,10,2.41E-01,2.38E-01
4500,1,2.75E-01,
4500,2,2.57E-01,
4500,3,2.27E-01,
4500,4,2.11E-01,
4500,5,2.22E-01,
4500,6,2.42E-01,
4500,7,2.05E-01,
4500,8,2.16E-01,
4500,9,2.26E-01,
4500,10,1.94E-01,2.27E-01
4068,1,1.99E-01,1.99E-01
9719,1,1.87E-01,
9719,2,1.80E-01,
9719,3,2.06E-01,
9719,4,1.78E-01,
9719,5,1.91E-01,
9719,6,2.20E-01,
9719,7,2.06E-01,
9719,8,1.85E-01,
9719,9,1.71E-01,
9719,10,1.94E-01,1.92E-01
5054,1,1.98E-01,
5054,2,2.02E-01,
5054,3,2.10E-01,
5054,4,2.63E-01,
5054,5,2.12E-01,
5054,6,2.18E-01,
5054,7,2.12E-01,
5054,8,2.19E-01,
5054,9,2.13E-01,
5054,10,2.18E-01,2.17E-01
7097,1,1.80E-01,
7097,2,2.06E-01,
7097,3,2.36E-01,
7097,4,2.49E-01,
7097,5,2.13E-01,
7097,6,2.13E-01,
7097,7,2.22E-01,
7097,8,2.15E-01,
7097,9,1.94E-01,
7097,10,1.92E-01,2.12E-01
2148,1,2.16E-01,
2148,2,2.13E-01,
2148,3,2.49E-01,
2148,4,2.43E-01,
2148,5,2.23E-01,
2148,6,2.55E-01,
2148,7,2.15E-01,
2148,8,2.35E-01,
2148,9,2.14E-01,
2148,10,2.06E-01,2.27E-01
3036,1,2.11E-01,
3036,2,2.12E-01,
3036,3,2.31E-01,
3036,4,2.07E-01,
3036,5,1.89E-01,
3036,6,1.96E-01,
3036,7,2.21E-01,
3036,8,2.25E-01,
3036,9,2.23E-01,
3036,10,2.13E-01,2.13E-01
3312,1,2.29E-01,
3312,2,2.29E-01,
3312,3,2.18E-01,
3312,4,2.37E-01,
3312,5,2.37E-01,
3312,6,2.18E-01,
3312,7,2.58E-01,
3312,8,2.33E-01,
3312,9,2.45E-01,
3312,10,2.16E-01,2.32E-01
8740,1,2.11E-01,
8740,2,1.95E-01,
8740,3,1.91E-01,
8740,4,2.00E-01,
8740,5,1.90E-01,
8740,6,1.78E-01,
8740,7,1.85E-01,
8740,8,2.10E-01,
8740,9,1.81E-01,
8740,10,2.40E-01,1.98E-01
9649,1,1.87E-01,
9649,2,2.02E-01,
9649,3,2.06E-01,
9649,4,2.02E-01,
9649,5,2.17E-01,
9649,6,1.98E-01,
9649,7,2.12E-01,
9649,8,2.12E-01,
9649,9,1.88E-01,
9649,10,2.16E-01,2.04E-01
2077,1,1.90E-01,
2077,2,1.93E-01,
2077,3,2.03E-01,
2077,4,1.84E-01,
2077,5,2.08E-01,
2077,6,1.86E-01,
2077,7,2.06E-01,
2077,8,2.16E-01,
2077,9,1.90E-01,
2077,10,1.93E-01,1.97E-01
6014,1,2.17E-01,
6014,2,2.19E-01,
6014,3,1.94E-01,
6014,4,1.73E-01,
6014,5,2.00E-01,
6014,6,1.98E-01,
6014,7,1.91E-01,
6014,8,1.75E-01,
6014,9,1.91E-01,
6014,10,1.79E-01,1.94E-01
6657,1,1.92E-01,
6657,2,1.92E-01,
6657,3,1.77E-01,
6657,4,1.98E-01,
6657,5,1.91E-01,
6657,6,1.73E-01,
6657,7,2.00E-01,
6657,8,1.91E-01,
6657,9,1.97E-01,
6657,10,1.79E-01,1.89E-01
7378,1,2.28E-01,
7378,2,2.24E-01,
7378,3,2.48E-01,
7378,4,2.40E-01,
7378,5,2.45E-01,
7378,6,2.39E-01,
7378,7,2.10E-01,
7378,8,2.35E-01,
7378,9,2.32E-01,
7378,10,2.23E-01,2.32E-01
1184,1,2.20E-01,
1184,2,2.07E-01,
1184,3,2.24E-01,
1184,4,2.15E-01,
1184,5,2.14E-01,
1184,6,1.72E-01,
1184,7,2.37E-01,
1184,8,2.08E-01,
1184,9,1.81E-01,
1184,10,2.14E-01,2.09E-01
8932,1,1.85E-01,
8932,2,1.95E-01,
8932,3,1.95E-01,
8932,4,2.05E-01,
8932,5,1.73E-01,
8932,6,2.08E-01,
8932,7,1.77E-01,
8932,8,2.08E-01,
8932,9,1.94E-01,
8932,10,2.01E-01,1.94E-01
1412,1,2.12E-01,
1412,2,2.06E-01,
1412,3,2.00E-01,
1412,4,1.95E-01,
1412,5,1.94E-01,
1412,6,2.07E-01,
1412,7,2.02E-01,
1412,8,1.97E-01,
1412,9,2.03E-01,
1412,10,1.96E-01,2.01E-01
5722,1,1.98E-01,
5722,2,2.14E-01,
5722,3,1.97E-01,
5722,4,2.04E-01,
5722,5,2.17E-01,
5722,6,1.96E-01,
5722,7,2.12E-01,
5722,8,2.16E-01,
5722,9,2.07E-01,
5722,10,1.94E-01,2.06E-01
2332,1,2.03E-01,
2332,2,2.12E-01,
2332,3,2.11E-01,
2332,4,2.01E-01,
2332,5,1.90E-01,
2332,6,2.09E-01,
2332,7,2.01E-01,
2332,8,2.09E-01,
2332,9,2.17E-01,
2332,10,2.14E-01,2.07E-01
5874,1,1.93E-01,
5874,2,2.22E-01,
5874,3,2.21E-01,
5874,4,2.14E-01,
5874,5,2.09E-01,
5874,6,2.26E-01,
5874,7,2.12E-01,
5874,8,2.18E-01,
5874,9,1.98E-01,
5874,10,1.89E-01,2.10E-01
1563,1,2.27E-01,
1563,2,2.26E-01,
1563,3,2.23E-01,
1563,4,2.17E-01,
1563,5,2.23E-01,
1563,6,2.15E-01,
1563,7,2.23E-01,
1563,8,2.28E-01,
1563,9,2.33E-01,
1563,10,2.12E-01,2.23E-01
4798,1,2.06E-01,
4798,2,2.29E-01,
4798,3,2.15E-01,
4798,4,2.16E-01,
4798,5,2.26E-01,
4798,6,2.42E-01,
4798,7,2.24E-01,
4798,8,2.19E-01,
4798,9,2.28E-01,
4798,10,1.91E-01,2.20E-01
5255,1,1.84E-01,
5255,2,1.99E-01,
5255,3,1.89E-01,
5255,4,1.96E-01,
5255,5,1.92E-01,
5255,6,2.07E-01,
5255,7,1.98E-01,
5255,8,1.87E-01,
5255,9,2.04E-01,
5255,10,2.07E-01,1.96E-01
4580,1,2.05E-01,
4580,2,2.10E-01,
4580,3,2.02E-01,
4580,4,2.16E-01,
4580,5,2.19E-01,
4580,6,2.24E-01,
4580,7,2.03E-01,
4580,8,2.10E-01,
4580,9,2.13E-01,
4580,10,2.22E-01,2.12E-01
4128,1,1.87E-01,
4128,2,2.04E-01,
4128,3,1.89E-01,
4128,4,1.86E-01,
4128,5,1.98E-01,
4128,6,1.83E-01,
4128,7,2.09E-01,
4128,8,1.97E-01,
4128,9,1.82E-01,
4128,10,1.83E-01,1.92E-01
7600,1,2.21E-01,
7600,2,2.12E-01,
7600,3,1.97E-01,
7600,4,2.27E-01,
7600,5,2.18E-01,
7600,6,1.94E-01,
7600,7,1.99E-01,
7600,8,2.23E-01,
7600,9,2.07E-01,
7600,10,2.01E-01,2.10E-01
5712,1,2.22E-01,
5712,2,1.84E-01,
5712,3,1.84E-01,
5712,4,1.88E-01,
5712,5,1.84E-01,
5712,6,1.93E-01,
5712,7,1.87E-01,
5712,8,1.77E-01,
5712,9,2.03E-01,
5712,10,2.11E-01,1.93E-01
9548,1,1.92E-01,
9548,2,1.90E-01,
9548,3,1.96E-01,
9548,4,1.81E-01,
9548,5,1.97E-01,
9548,6,1.92E-01,
9548,7,2.11E-01,
9548,8,2.09E-01,
9548,9,1.97E-01,
9548,10,1.88E-01,1.95E-01
1278,1,1.94E-01,
1278,2,2.13E-01,
1278,3,2.01E-01,
1278,4,1.94E-01,
1278,5,2.17E-01,
1278,6,1.71E-01,
1278,7,1.85E-01,
1278,8,1.93E-01,
1278,9,2.08E-01,
1278,10,1.62E-01,1.94E-01
5365,1,2.22E-01,
5365,2,2.00E-01,
5365,3,2.03E-01,
5365,4,2.10E-01,
5365,5,2.06E-01,
5365,6,2.23E-01,
5365,7,2.33E-01,
5365,8,2.07E-01,
5365,9,2.08E-01,
5365,10,2.03E-01,2.11E-01
7789,1,2.27E-01,
7789,2,2.41E-01,
7789,3,2.08E-01,
7789,4,2.39E-01,
7789,5,2.43E-01,
7789,6,2.63E-01,
7789,7,2.51E-01,
7789,8,2.54E-01,
7789,9,2.20E-01,
7789,10,2.15E-01,2.36E-01
7490,1,1.92E-01,
7490,2,2.15E-01,
7490,3,2.03E-01,
7490,4,1.99E-01,
7490,5,2.17E-01,
7490,6,2.15E-01,
7490,7,1.91E-01,
7490,8,2.11E-01,
7490,9,1.99E-01,
7490,10,2.05E-01,2.05E-01
4200,1,2.09E-01,
4200,2,2.24E-01,
4200,3,2.18E-01,
4200,4,2.08E-01,
4200,5,2.10E-01,
4200,6,2.33E-01,
4200,7,2.28E-01,
4200,8,2.53E-01,
4200,9,2.07E-01,
4200,10,2.43E-01,2.23E-01
3265,1,2.02E-01,
3265,2,1.96E-01,
3265,3,2.05E-01,
3265,4,2.02E-01,
3265,5,2.22E-01,
3265,6,2.10E-01,
3265,7,2.16E-01,
3265,8,1.93E-01,
3265,9,1.91E-01,
3265,10,2.06E-01,2.04E-01
9528,1,2.24E-01,
9528,2,2.36E-01,
9528,3,2.22E-01,
9528,4,2.01E-01,
9528,5,2.10E-01,2.19E-01
1538,1,2.09E-01,
1538,2,2.23E-01,
1538,3,2.25E-01,
1538,4,2.05E-01,
1538,5,2.03E-01,
1538,6,2.10E-01,
1538,7,2.10E-01,
1538,8,2.20E-01,
1538,9,2.18E-01,2.14E-01
4624,1,1.99E-01,
4624,2,1.98E-01,
4624,3,2.05E-01,
4624,4,2.04E-01,
4624,5,2.02E-01,
4624,6,2.21E-01,
4624,7,2.10E-01,
4624,8,2.10E-01,
4624,9,1.82E-01,
4624,10,2.05E-01,2.04E-01
7867,1,2.19E-01,
7867,2,2.32E-01,
7867,3,2.23E-01,
7867,4,2.18E-01,
7867,5,2.11E-01,
7867,6,2.22E-01,
7867,7,2.16E-01,
7867,8,2.18E-01,
7867,9,2.29E-01,2.21E-01
4461,1,1.91E-01,
4461,2,2.06E-01,
4461,3,2.23E-01,
4461,4,2.04E-01,
4461,5,2.10E-01,
4461,6,2.07E-01,
4461,7,2.09E-01,
4461,8,2.16E-01,
4461,9,2.13E-01,
4461,10,2.06E-01,2.08E-01
5387,1,2.02E-01,
5387,2,2.02E-01,
5387,3,1.91E-01,
5387,4,2.09E-01,
5387,5,2.03E-01,
5387,6,2.17E-01,
5387,7,2.14E-01,
5387,8,1.95E-01,
5387,9,1.87E-01,
5387,10,1.92E-01,2.01E-01
6381,1,2.08E-01,
6381,2,1.91E-01,
6381,3,2.03E-01,
6381,4,2.02E-01,
6381,5,2.05E-01,
6381,6,1.99E-01,
6381,7,2.08E-01,
6381,8,2.10E-01,
6381,9,2.09E-01,
6381,10,2.43E-01,2.08E-01
5373,1,2.14E-01,
5373,2,2.05E-01,
5373,3,1.96E-01,
5373,4,1.88E-01,
5373,5,1.97E-01,
5373,6,1.94E-01,
5373,7,1.98E-01,
5373,8,1.86E-01,
5373,9,1.73E-01,
5373,10,1.89E-01,1.94E-01
9432,1,2.37E-01,
9432,2,2.14E-01,
9432,3,2.11E-01,
9432,4,2.11E-01,
9432,5,2.02E-01,
9432,6,2.33E-01,
9432,7,2.19E-01,
9432,8,2.10E-01,
9432,9,2.15E-01,
9432,10,1.96E-01,2.15E-01
8726,1,2.27E-01,
8726,2,2.19E-01,
8726,3,2.26E-01,
8726,4,2.30E-01,
8726,5,2.01E-01,
8726,6,2.17E-01,
8726,7,2.20E-01,
8726,8,2.30E-01,
8726,9,2.25E-01,
8726,10,2.20E-01,2.22E-01
9502,1,2.14E-01,
9502,2,2.05E-01,
9502,3,2.16E-01,
9502,4,2.07E-01,
9502,5,2.07E-01,
9502,6,2.08E-01,
9502,7,2.27E-01,
9502,8,2.09E-01,
9502,9,2.27E-01,
9502,10,1.91E-01,2.11E-01
3893,1,2.09E-01,
3893,2,1.93E-01,
3893,3,1.72E-01,
3893,4,2.09E-01,
3893,5,1.84E-01,
3893,6,2.05E-01,
3893,7,1.99E-01,1.96E-01
7584,1,2.07E-01,
7584,2,2.14E-01,
7584,3,2.26E-01,
7584,4,2.31E-01,2.20E-01
8366,1,1.88E-01,1.88E-01
7820,1,2.04E-01,
7820,2,2.00E-01,
7820,3,2.13E-01,
7820,4,2.04E-01,
7820,5,2.08E-01,
7820,6,2.13E-01,
7820,7,2.09E-01,
7820,8,1.90E-01,
7820,9,2.18E-01,
7820,10,1.68E-01,2.03E-01
2385,1,2.09E-01,
2385,2,2.05E-01,
2385,3,2.21E-01,
2385,4,2.16E-01,
2385,5,2.18E-01,
2385,6,2.06E-01,
2385,7,1.95E-01,
2385,8,1.88E-01,
2385,9,1.90E-01,
2385,10,1.91E-01,2.04E-01
1617_1A,1,2.25E-01,
1617_1A,2,2.19E-01,
1617_1A,3,2.33E-01,
1617_1A,4,2.51E-01,
1617_1A,5,2.50E-01,
1617_1A,6,2.39E-01,
1617_1A,7,2.60E-01,
1617_1A,8,2.34E-01,
1617_1A,9,2.36E-01,
1617_1A,10,2.44E-01,2.39E-01
1617_1B,1,2.32E-01,
1617_1B,2,2.37E-01,
1617_1B,3,2.31E-01,
1617_1B,4,2.49E-01,
1617_1B,5,2.55E-01,
1617_1B,6,2.48E-01,
1617_1B,7,2.56E-01,
1617_1B,8,2.32E-01,
1617_1B,9,2.23E-01,
1617_1B,10,2.20E-01,2.38E-01
1617_2A,1,2.41E-01,
1617_2A,2,2.38E-01,
1617_2A,3,2.37E-01,
1617_2A,4,2.40E-01,
1617_2A,5,2.30E-01,
1617_2A,6,2.40E-01,
1617_2A,7,2.53E-01,
1617_2A,8,2.43E-01,
1617_2A,9,2.11E-01,
1617_2A,10,2.35E-01,2.37E-01
6617_1A,1,1.62E-01,
6617_1A,2,1.66E-01,
6617_1A,3,1.93E-01,
6617_1A,4,1.98E-01,
6617_1A,5,2.16E-01,
6617_1A,6,2.00E-01,
6617_1A,7,1.87E-01,
6617_1A,8,1.88E-01,
6617_1A,9,2.00E-01,
6617_1A,10,2.03E-01,1.91E-01
7814_1A,1,1.71E-01,
7814_1A,2,1.68E-01,
7814_1A,3,1.99E-01,
7814_1A,4,2.01E-01,
7814_1A,5,2.21E-01,
7814_1A,6,2.05E-01,
7814_1A,7,1.90E-01,
7814_1A,8,1.92E-01,
7814_1A,9,2.05E-01,
7814_1A,10,2.08E-01,1.96E-01
7814_1B,1,1.60E-01,
7814_1B,2,1.61E-01,
7814_1B,3,1.97E-01,
7814_1B,4,2.05E-01,
7814_1B,5,1.92E-01,
7814_1B,6,2.02E-01,
7814_1B,7,2.13E-01,
7814_1B,8,1.96E-01,
7814_1B,9,1.88E-01,
7814_1B,10,1.95E-01,1.91E-01
7814_2A,1,1.50E-01,
7814_2A,2,1.71E-01,
7814_2A,3,1.59E-01,
7814_2A,4,1.74E-01,
7814_2A,5,1.87E-01,
7814_2A,6,1.82E-01,
7814_2A,7,1.77E-01,
7814_2A,8,1.75E-01,
7814_2A,9,1.88E-01,
7814_2A,10,1.81E-01,1.74E-01
8004,1,1.81E-01,
8004,2,1.91E-01,
8004,3,1.86E-01,
8004,4,1.89E-01,
8004,5,1.93E-01,
8004,6,1.87E-01,
8004,7,1.90E-01,
8004,8,1.99E-01,
8004,9,1.88E-01,
8004,10,1.93E-01,1.90E-01
7800_1A,1,2.11E-01,
7800_1A,2,2.17E-01,
7800_1A,3,2.18E-01,
7800_1A,4,2.20E-01,
7800_1A,5,1.98E-01,
7800_1A,6,2.08E-01,
7800_1A,7,1.98E-01,
7800_1A,8,2.22E-01,
7800_1A,9,2.12E-01,
7800_1A,10,2.10E-01,2.11E-01
7800_1B,1,2.14E-01,
7800_1B,2,2.06E-01,
7800_1B,3,2.09E-01,
7800_1B,4,2.05E-01,
7800_1B,5,1.99E-01,
7800_1B,6,2.04E-01,
7800_1B,7,2.05E-01,
7800_1B,8,2.08E-01,
7800_1B,9,1.94E-01,2.05E-01
7800_2A,1,2.20E-01,
7800_2A,2,2.12E-01,
7800_2A,3,2.14E-01,
7800_2A,4,2.19E-01,
7800_2A,5,2.10E-01,
7800_2A,6,2.09E-01,
7800_2A,7,2.11E-01,
7800_2A,8,2.23E-01,
7800_2A,9,2.02E-01,
7800_2A,10,2.14E-01,2.13E-01
4007,1,1.97E-01,
4007,2,2.13E-01,
4007,3,2.35E-01,
4007,4,2.22E-01,
4007,5,2.31E-01,
4007,6,2.04E-01,
4007,7,2.16E-01,
4007,8,2.21E-01,
4007,9,2.23E-01,
4007,10,2.29E-01,2.19E-01
7803_1A,1,1.61E-01,
7803_1A,2,2.00E-01,
7803_1A,3,1.76E-01,
7803_1A,4,2.02E-01,
7803_1A,5,1.78E-01,
7803_1A,6,2.14E-01,
7803_1A,7,1.86E-01,
7803_1A,8,1.90E-01,
7803_1A,9,1.79E-01,
7803_1A,10,1.87E-01,1.87E-01
7803_1B,1,1.56E-01,
7803_1B,2,1.86E-01,
7803_1B,3,1.81E-01,
7803_1B,4,1.87E-01,
7803_1B,5,1.91E-01,
7803_1B,6,1.82E-01,
7803_1B,7,2.02E-01,
7803_1B,8,2.10E-01,
7803_1B,9,1.88E-01,
7803_1B,10,1.68E-01,1.85E-01
7803_2A,1,1.72E-01,
7803_2A,2,2.13E-01,
7803_2A,3,1.86E-01,
7803_2A,4,1.87E-01,
7803_2A,5,1.84E-01,
7803_2A,6,1.96E-01,
7803_2A,7,1.99E-01,
7803_2A,8,1.93E-01,
7803_2A,9,1.85E-01,
7803_2A,10,1.90E-01,1.91E-01
3285_1A,1,2.27E-01,
3285_1A,2,1.77E-01,
3285_1A,3,1.93E-01,
3285_1A,4,2.22E-01,
3285_1A,5,1.97E-01,
3285_1A,6,1.87E-01,
3285_1A,7,1.69E-01,
3285_1A,8,2.21E-01,
3285_1A,9,2.09E-01,
3285_1A,10,2.01E-01,2.00E-01
3285_1B,1,2.13E-01,
3285_1B,2,1.67E-01,
3285_1B,3,1.79E-01,
3285_1B,4,1.84E-01,
3285_1B,5,2.04E-01,
3285_1B,6,1.86E-01,
3285_1B,7,2.07E-01,
3285_1B,8,1.94E-01,
3285_1B,9,2.06E-01,
3285_1B,10,2.00E-01,1.94E-01
3285_2A,1,2.07E-01,
3285_2A,2,2.02E-01,
3285_2A,3,2.06E-01,
3285_2A,4,1.97E-01,
3285_2A,5,1.88E-01,
3285_2A,6,2.02E-01,
3285_2A,7,2.02E-01,
3285_2A,8,2.19E-01,
3285_2A,9,1.99E-01,
3285_2A,10,2.01E-01,2.02E-01
6792_1A,1,1.86E-01,
6792_1A,2,2.08E-01,
6792_1A,3,2.19E-01,
6792_1A,4,2.22E-01,
6792_1A,5,2.15E-01,
6792_1A,6,2.41E-01,
6792_1A,7,2.28E-01,
6792_1A,8,2.32E-01,
6792_1A,9,2.12E-01,
6792_1A,10,2.31E-01,2.19E-01
6792_1B,1,2.23E-01,
6792_1B,2,2.16E-01,
6792_1B,3,2.29E-01,
6792_1B,4,2.17E-01,
6792_1B,5,2.11E-01,
6792_1B,6,1.98E-01,
6792_1B,7,2.38E-01,
6792_1B,8,2.23E-01,
6792_1B,9,2.01E-01,
6792_1B,10,2.24E-01,2.18E-01
6792_2A,1,2.03E-01,
6792_2A,2,2.23E-01,
6792_2A,3,2.05E-01,
6792_2A,4,2.30E-01,
6792_2A,5,2.10E-01,
6792_2A,6,2.11E-01,
6792_2A,7,2.03E-01,
6792_2A,8,2.02E-01,
6792_2A,9,2.23E-01,
6792_2A,10,2.27E-01,2.14E-01
8683_1A,1,2.03E-01,
8683_1A,2,2.00E-01,
8683_1A,3,2.12E-01,
8683_1A,4,1.85E-01,
8683_1A,5,1.96E-01,
8683_1A,6,2.01E-01,
8683_1A,7,1.84E-01,
8683_1A,8,1.93E-01,
8683_1A,9,1.88E-01,
8683_1A,10,1.98E-01,1.96E-01
8683_1B,1,2.02E-01,
8683_1B,2,2.08E-01,
8683_1B,3,2.08E-01,
8683_1B,4,2.01E-01,
8683_1B,5,1.82E-01,
8683_1B,6,2.04E-01,
8683_1B,7,1.93E-01,
8683_1B,8,2.02E-01,
8683_1B,9,2.04E-01,
8683_1B,10,1.96E-01,2.00E-01
8683_2A,1,1.77E-01,
8683_2A,2,2.07E-01,
8683_2A,3,1.93E-01,
8683_2A,4,1.79E-01,
8683_2A,5,1.99E-01,
8683_2A,6,2.00E-01,
8683_2A,7,2.13E-01,
8683_2A,8,1.89E-01,
8683_2A,9,1.80E-01,
8683_2A,10,2.13E-01,1.95E-01
9935_1A,1,2.03E-01,
9935_1A,2,2.13E-01,
9935_1A,3,1.95E-01,
9935_1A,4,2.00E-01,
9935_1A,5,2.06E-01,
9935_1A,6,1.84E-01,
9935_1A,7,1.93E-01,
9935_1A,8,2.10E-01,
9935_1A,9,2.01E-01,
9935_1A,10,2.13E-01,2.02E-01
9935_1B,1,2.00E-01,
9935_1B,2,2.04E-01,
9935_1B,3,2.16E-01,
9935_1B,4,2.04E-01,
9935_1B,5,1.85E-01,
9935_1B,6,2.07E-01,
9935_1B,7,2.06E-01,
9935_1B,8,2.02E-01,
9935_1B,9,2.14E-01,
9935_1B,10,2.02E-01,2.04E-01
9935_2A,1,1.90E-01,
9935_2A,2,2.23E-01,
9935_2A,3,2.03E-01,
9935_2A,4,2.21E-01,
9935_2A,5,2.09E-01,
9935_2A,6,2.05E-01,
9935_2A,7,2.09E-01,
9935_2A,8,2.12E-01,
9935_2A,9,2.12E-01,
9935_2A,10,2.15E-01,2.10E-01
6508,1,2.06E-01,
6508,2,1.96E-01,
6508,3,2.00E-01,
6508,4,1.92E-01,
6508,5,1.95E-01,
6508,6,2.06E-01,
6508,7,2.24E-01,
6508,8,1.96E-01,
6508,9,1.96E-01,
6508,10,2.46E-01,2.06E-01
5212,1,1.72E-01,
5212,2,1.72E-01,
5212,3,1.74E-01,
5212,4,1.94E-01,
5212,5,1.75E-01,
5212,6,1.97E-01,
5212,7,1.80E-01,
5212,8,1.82E-01,
5212,9,1.65E-01,
5212,10,1.58E-01,1.77E-01
8825,1,1.98E-01,
8825,2,1.74E-01,
8825,3,2.00E-01,
8825,4,2.03E-01,
8825,5,1.99E-01,
8825,6,1.93E-01,
8825,7,2.22E-01,
8825,8,2.12E-01,
8825,9,1.96E-01,
8825,10,1.73E-01,1.97E-01
7908,1,2.04E-01,
7908,2,2.05E-01,
7908,3,1.73E-01,
7908,4,1.84E-01,
7908,5,2.16E-01,
7908,6,2.10E-01,
7908,7,1.99E-01,
7908,8,2.03E-01,
7908,9,1.63E-01,
7908,10,1.91E-01,1.95E-01
2346,1,1.89E-01,
2346,2,1.89E-01,
2346,3,2.04E-01,
2346,4,1.98E-01,
2346,5,2.07E-01,
2346,6,1.98E-01,
2346,7,2.09E-01,
2346,8,1.92E-01,
2346,9,1.99E-01,
2346,10,1.98E-01,1.99E-01
7622,1,2.23E-01,
7622,2,2.15E-01,
7622,3,2.14E-01,
7622,4,2.27E-01,
7622,5,2.17E-01,
7622,6,2.35E-01,
7622,7,2.21E-01,
7622,8,2.03E-01,
7622,9,2.24E-01,
7622,10,2.35E-01,2.22E-01
3362,1,1.79E-01,
3362,2,2.04E-01,
3362,3,2.08E-01,
3362,4,1.86E-01,
3362,5,1.86E-01,
3362,6,1.76E-01,
3362,7,1.88E-01,
3362,8,1.78E-01,
3362,9,2.01E-01,
3362,10,2.06E-01,1.91E-01
1258,1,1.96E-01,
1258,2,2.04E-01,
1258,3,1.96E-01,
1258,4,2.41E-01,
1258,5,1.90E-01,
1258,6,2.18E-01,
1258,7,2.64E-01,
1258,8,1.97E-01,
1258,9,2.07E-01,
1258,10,1.89E-01,2.10E-01
6984,1,2.00E-01,
6984,2,2.01E-01,
6984,3,2.12E-01,
6984,4,2.25E-01,
6984,5,2.13E-01,
6984,6,2.21E-01,
6984,7,2.20E-01,
6984,8,2.10E-01,
6984,9,2.13E-01,
6984,10,2.11E-01,2.13E-01
6408,1,2.06E-01,
6408,2,2.15E-01,
6408,3,2.18E-01,
6408,4,2.15E-01,
6408,5,2.15E-01,
6408,6,1.90E-01,
6408,7,2.40E-01,
6408,8,2.09E-01,
6408,9,2.10E-01,
6408,10,2.20E-01,2.14E-01
8215,1,1.76E-01,
8215,2,2.03E-01,
8215,3,2.14E-01,
8215,4,2.21E-01,
8215,5,1.97E-01,
8215,6,1.65E-01,
8215,7,1.82E-01,
8215,8,2.06E-01,
8215,9,1.98E-01,
8215,10,1.91E-01,1.95E-01
2324,1,2.04E-01,
2324,2,2.02E-01,
2324,3,2.21E-01,
2324,4,2.00E-01,
2324,5,2.05E-01,
2324,6,1.88E-01,
2324,7,2.08E-01,
2324,8,1.95E-01,
2324,9,1.97E-01,
2324,10,2.06E-01,2.03E-01
2705,1,2.06E-01,
2705,2,2.11E-01,
2705,3,2.06E-01,
2705,4,2.02E-01,
2705,5,2.03E-01,
2705,6,1.85E-01,
2705,7,1.95E-01,
2705,8,1.85E-01,
2705,9,2.27E-01,
2705,10,1.92E-01,2.01E-01
8878,1,1.83E-01,
8878,2,2.00E-01,
8878,3,1.89E-01,
8878,4,1.92E-01,
8878,5,1.91E-01,
8878,6,1.88E-01,1.90E-01
9080_1A,1,1.94E-01,
9080_1A,2,2.11E-01,
9080_1A,3,1.97E-01,
9080_1A,4,1.96E-01,
9080_1A,5,1.99E-01,
9080_1A,6,1.83E-01,
9080_1A,7,1.72E-01,
9080_1A,8,1.92E-01,
9080_1A,9,1.62E-01,
9080_1A,10,1.91E-01,1.90E-01
9080_1B,1,1.99E-01,
9080_1B,2,1.96E-01,
9080_1B,3,2.01E-01,
9080_1B,4,1.99E-01,
9080_1B,5,2.16E-01,
9080_1B,6,1.87E-01,
9080_1B,7,2.01E-01,
9080_1B,8,1.87E-01,
9080_1B,9,1.84E-01,
9080_1B,10,1.98E-01,1.97E-01
9080_2A,1,1.90E-01,
9080_2A,2,1.89E-01,
9080_2A,3,1.85E-01,
9080_2A,4,1.94E-01,
9080_2A,5,1.89E-01,
9080_2A,6,2.03E-01,
9080_2A,7,1.89E-01,
9080_2A,8,1.95E-01,
9080_2A,9,1.90E-01,
9080_2A,10,1.86E-01,1.91E-01
1987_1A,1,1.94E-01,
1987_1A,2,1.94E-01,
1987_1A,3,1.78E-01,
1987_1A,4,1.88E-01,
1987_1A,5,1.85E-01,
1987_1A,6,1.94E-01,
1987_1A,7,2.02E-01,
1987_1A,8,1.82E-01,
1987_1A,9,1.97E-01,
1987_1A,10,1.83E-01,1.90E-01
1987_1B,1,1.79E-01,
1987_1B,2,1.78E-01,
1987_1B,3,1.87E-01,
1987_1B,4,2.04E-01,
1987_1B,5,1.87E-01,
1987_1B,6,2.04E-01,
1987_1B,7,1.98E-01,
1987_1B,8,1.89E-01,
1987_1B,9,1.80E-01,
1987_1B,10,1.68E-01,1.88E-01
1987_2A,1,1.94E-01,
1987_2A,2,1.91E-01,
1987_2A,3,1.86E-01,
1987_2A,4,1.79E-01,
1987_2A,5,1.65E-01,
1987_2A,6,1.59E-01,
1987_2A,7,1.97E-01,
1987_2A,8,1.90E-01,
1987_2A,9,1.90E-01,
1987_2A,10,2.17E-01,1.87E-01
9977,1,1.90E-01,
9977,2,2.05E-01,
9977,3,1.90E-01,
9977,4,2.01E-01,
9977,5,1.76E-01,
9977,6,1.82E-01,
9977,7,1.87E-01,
9977,8,1.82E-01,
9977,9,1.83E-01,
9977,10,2.09E-01,1.90E-01
5806_1A,1,1.91E-01,
5806_1A,2,1.88E-01,
5806_1A,3,2.05E-01,
5806_1A,4,2.10E-01,
5806_1A,5,1.97E-01,
5806_1A,6,2.05E-01,
5806_1A,7,1.98E-01,
5806_1A,8,1.98E-01,
5806_1A,9,2.05E-01,
5806_1A,10,1.96E-01,1.99E-01
5806_1B,1,1.93E-01,
5806_1B,2,2.01E-01,
5806_1B,3,2.05E-01,
5806_1B,4,2.02E-01,
5806_1B,5,1.74E-01,
5806_1B,6,2.01E-01,
5806_1B,7,2.01E-01,
5806_1B,8,2.04E-01,
5806_1B,9,2.00E-01,
5806_1B,10,1.88E-01,1.97E-01
5806_2A,1,1.87E-01,
5806_2A,2,1.79E-01,
5806_2A,3,2.01E-01,
5806_2A,4,1.86E-01,
5806_2A,5,1.72E-01,
5806_2A,6,1.98E-01,
5806_2A,7,1.87E-01,
5806_2A,8,1.97E-01,
5806_2A,9,1.92E-01,
5806_2A,10,2.00E-01,1.90E-01
6587,1,1.92E-01,
6587,2,1.90E-01,
6587,3,1.92E-01,
6587,4,1.80E-01,
6587,5,1.94E-01,
6587,6,1.80E-01,
6587,7,1.92E-01,1.89E-01
4808_1A,1,1.87E-01,
4808_1A,2,2.02E-01,
4808_1A,3,1.96E-01,
4808_1A,4,1.83E-01,
4808_1A,5,1.98E-01,
4808_1A,6,2.06E-01,
4808_1A,7,2.02E-01,
4808_1A,8,2.13E-01,
4808_1A,9,1.93E-01,
4808_1A,10,1.99E-01,1.98E-01
4808_1B,1,1.91E-01,
4808_1B,2,1.94E-01,
4808_1B,3,2.04E-01,
4808_1B,4,1.99E-01,
4808_1B,5,1.93E-01,
4808_1B,6,1.97E-01,
4808_1B,7,2.10E-01,
4808_1B,8,1.77E-01,
4808_1B,9,2.01E-01,
4808_1B,10,1.91E-01,1.96E-01
4808_2A,1,2.13E-01,
4808_2A,2,1.95E-01,
4808_2A,3,1.92E-01,
4808_2A,4,1.83E-01,
4808_2A,5,2.24E-01,
4808_2A,6,1.79E-01,
4808_2A,7,1.95E-01,
4808_2A,8,1.82E-01,
4808_2A,9,1.87E-01,
4808_2A,10,1.93E-01,1.94E-01
8425_1A,1,2.56E-01,
8425_1A,2,1.91E-01,
8425_1A,3,2.05E-01,
8425_1A,4,1.83E-01,
8425_1A,5,2.25E-01,
8425_1A,6,2.02E-01,
8425_1A,7,2.24E-01,
8425_1A,8,1.77E-01,
8425_1A,9,2.09E-01,2.08E-01
8425_1B,1,2.04E-01,
8425_1B,2,2.16E-01,
8425_1B,3,2.36E-01,
8425_1B,4,2.07E-01,
8425_1B,5,2.03E-01,
8425_1B,6,1.99E-01,
8425_1B,7,2.17E-01,
8425_1B,8,2.26E-01,
8425_1B,9,2.24E-01,
8425_1B,10,2.51E-01,2.18E-01
8425_2A,1,2.23E-01,
8425_2A,2,2.06E-01,
8425_2A,3,1.99E-01,
8425_2A,4,2.09E-01,
8425_2A,5,2.04E-01,
8425_2A,6,2.00E-01,
8425_2A,7,2.12E-01,
8425_2A,8,2.47E-01,
8425_2A,9,2.04E-01,
8425_2A,10,1.96E-01,2.10E-01
2164,1,2.27E-01,2.27E-01
7082_1A,1,2.13E-01,
7082_1A,2,1.91E-01,
7082_1A,3,2.08E-01,
7082_1A,4,2.08E-01,
7082_1A,5,2.30E-01,
7082_1A,6,2.01E-01,
7082_1A,7,2.19E-01,
7082_1A,8,1.93E-01,
7082_1A,9,2.23E-01,
7082_1A,10,1.88E-01,2.07E-01
7082_1B,1,2.01E-01,
7082_1B,2,2.19E-01,
7082_1B,3,2.01E-01,
7082_1B,4,1.98E-01,
7082_1B,5,2.04E-01,
7082_1B,6,2.37E-01,
7082_1B,7,2.08E-01,
7082_1B,8,2.27E-01,
7082_1B,9,2.37E-01,
7082_1B,10,2.27E-01,2.16E-01
7082_2A,1,2.37E-01,
7082_2A,2,2.23E-01,
7082_2A,3,2.15E-01,
7082_2A,4,2.17E-01,
7082_2A,5,2.20E-01,
7082_2A,6,2.25E-01,
7082_2A,7,1.91E-01,
7082_2A,8,2.21E-01,
7082_2A,9,2.16E-01,
7082_2A,10,1.96E-01,2.16E-01
8633_1A,1,2.02E-01,
8633_1A,2,2.04E-01,
8633_1A,3,1.83E-01,
8633_1A,4,2.12E-01,
8633_1A,5,2.04E-01,
8633_1A,6,2.23E-01,
8633_1A,7,2.03E-01,
8633_1A,8,2.00E-01,
8633_1A,9,2.22E-01,
8633_1A,10,2.16E-01,2.07E-01
8633_1B,1,2.22E-01,
8633_1B,2,2.02E-01,
8633_1B,3,2.01E-01,
8633_1B,4,2.23E-01,
8633_1B,5,2.02E-01,
8633_1B,6,2.15E-01,
8633_1B,7,2.10E-01,
8633_1B,8,2.10E-01,
8633_1B,9,1.80E-01,
8633_1B,10,2.15E-01,2.08E-01
8633_2A,1,2.18E-01,
8633_2A,2,1.97E-01,
8633_2A,3,2.07E-01,
8633_2A,4,2.00E-01,
8633_2A,5,1.97E-01,
8633_2A,6,1.81E-01,
8633_2A,7,1.91E-01,
8633_2A,8,2.00E-01,
8633_2A,9,2.15E-01,
8633_2A,10,2.10E-01,2.02E-01
3212_1A,1,1.95E-01,
3212_1A,2,2.38E-01,
3212_1A,3,1.77E-01,
3212_1A,4,2.31E-01,
3212_1A,5,2.48E-01,
3212_1A,6,2.06E-01,
3212_1A,7,2.07E-01,
3212_1A,8,2.17E-01,
3212_1A,9,1.89E-01,
3212_1A,10,2.16E-01,2.12E-01
3212_1B,1,2.15E-01,
3212_1B,2,1.96E-01,
3212_1B,3,2.39E-01,
3212_1B,4,2.41E-01,
3212_1B,5,2.37E-01,
3212_1B,6,2.36E-01,
3212_1B,7,2.19E-01,
3212_1B,8,2.48E-01,
3212_1B,9,2.24E-01,
3212_1B,10,2.06E-01,2.26E-01
3212_2A,1,1.88E-01,
3212_2A,2,2.23E-01,
3212_2A,3,1.95E-01,
3212_2A,4,1.96E-01,
3212_2A,5,1.99E-01,
3212_2A,6,1.96E-01,
3212_2A,7,2.05E-01,
3212_2A,8,2.29E-01,
3212_2A,9,1.82E-01,
3212_2A,10,2.24E-01,2.04E-01
2611_1A,1,1.80E-01,
2611_1A,2,1.84E-01,
2611_1A,3,2.00E-01,
2611_1A,4,1.90E-01,
2611_1A,5,2.11E-01,
2611_1A,6,1.90E-01,
2611_1A,7,1.96E-01,
2611_1A,8,1.69E-01,
2611_1A,9,1.83E-01,
2611_1A,10,1.88E-01,1.89E-01
2611_1B,1,1.78E-01,
2611_1B,2,1.86E-01,
2611_1B,3,1.98E-01,
2611_1B,4,1.79E-01,
2611_1B,5,1.76E-01,
2611_1B,6,1.93E-01,
2611_1B,7,1.93E-01,
2611_1B,8,1.66E-01,
2611_1B,9,1.93E-01,
2611_1B,10,1.76E-01,1.84E-01
2611_2A,1,1.87E-01,
2611_2A,2,2.00E-01,
2611_2A,3,1.94E-01,
2611_2A,4,2.02E-01,
2611_2A,5,1.67E-01,
2611_2A,6,1.86E-01,
2611_2A,7,1.73E-01,
2611_2A,8,1.89E-01,
2611_2A,9,1.76E-01,
2611_2A,10,1.72E-01,1.85E-01
4852,1,2.28E-01,
4852,2,2.02E-01,
4852,3,1.80E-01,
4852,4,2.03E-01,
4852,5,2.01E-01,
4852,6,1.91E-01,
4852,7,2.00E-01,
4852,8,2.45E-01,
4852,9,1.88E-01,
4852,10,1.97E-01,2.03E-01
3469,1,2.23E-01,
3469,2,2.19E-01,
3469,3,1.97E-01,
3469,4,2.03E-01,
3469,5,2.01E-01,
3469,6,2.24E-01,
3469,7,1.99E-01,
3469,8,2.05E-01,
3469,9,2.56E-01,
3469,10,1.98E-01,2.12E-01
3111,1,1.85E-01,
3111,2,1.89E-01,
3111,3,1.95E-01,
3111,4,1.87E-01,
3111,5,1.97E-01,
3111,6,1.90E-01,
3111,7,1.89E-01,
3111,8,1.81E-01,
3111,9,1.88E-01,
3111,10,1.81E-01,1.88E-01
4034_1A,1,2.40E-01,
4034_1A,2,2.11E-01,
4034_1A,3,2.15E-01,
4034_1A,4,2.07E-01,
4034_1A,5,2.30E-01,
4034_1A,6,1.78E-01,
4034_1A,7,1.90E-01,
4034_1A,8,2.05E-01,
4034_1A,9,1.95E-01,
4034_1A,10,2.06E-01,2.08E-01
4034_1B,1,2.40E-01,
4034_1B,2,2.15E-01,
4034_1B,3,1.74E-01,
4034_1B,4,1.90E-01,
4034_1B,5,2.05E-01,
4034_1B,6,2.29E-01,
4034_1B,7,2.01E-01,
4034_1B,8,1.94E-01,
4034_1B,9,1.84E-01,
4034_1B,10,2.04E-01,2.04E-01
4034_2A,1,2.17E-01,
4034_2A,2,2.16E-01,
4034_2A,3,1.87E-01,
4034_2A,4,2.08E-01,
4034_2A,5,2.27E-01,
4034_2A,6,2.30E-01,
4034_2A,7,2.26E-01,
4034_2A,8,2.30E-01,
4034_2A,9,2.19E-01,
4034_2A,10,2.10E-01,2.17E-01
3338,1,2.18E-01,
3338,2,2.19E-01,
3338,3,2.26E-01,
3338,4,2.21E-01,
3338,5,2.33E-01,
3338,6,2.28E-01,
3338,7,2.16E-01,
3338,8,2.22E-01,
3338,9,2.22E-01,
3338,10,2.24E-01,2.23E-01
6000,1,2.02E-01,
6000,2,2.17E-01,
6000,3,2.09E-01,
6000,4,2.00E-01,
6000,5,2.03E-01,
6000,6,2.11E-01,
6000,7,1.99E-01,
6000,8,2.07E-01,
6000,9,1.97E-01,
6000,10,2.05E-01,2.05E-01
9274,1,1.81E-01,
9274,2,1.85E-01,
9274,3,1.53E-01,
9274,4,1.92E-01,
9274,5,1.74E-01,
9274,6,1.73E-01,
9274,7,1.93E-01,
9274,8,1.86E-01,1.80E-01
4467,1,2.11E-01,
4467,2,2.04E-01,
4467,3,2.12E-01,
4467,4,2.03E-01,
4467,5,2.18E-01,
4467,6,1.84E-01,
4467,7,2.16E-01,
4467,8,2.21E-01,
4467,9,2.16E-01,
4467,10,2.13E-01,2.10E-01
8376_1A,1,1.97E-01,
8376_1A,2,1.86E-01,
8376_1A,3,1.82E-01,
8376_1A,4,1.96E-01,
8376_1A,5,1.91E-01,
8376_1A,6,1.92E-01,
8376_1A,7,1.84E-01,
8376_1A,8,2.10E-01,
8376_1A,9,2.03E-01,
8376_1A,10,1.98E-01,1.94E-01
8376_1B,1,1.95E-01,
8376_1B,2,1.78E-01,
8376_1B,3,2.01E-01,
8376_1B,4,1.96E-01,
8376_1B,5,2.08E-01,
8376_1B,6,2.03E-01,
8376_1B,7,1.94E-01,
8376_1B,8,1.94E-01,
8376_1B,9,1.77E-01,
8376_1B,10,1.82E-01,1.93E-01
8376_2A,1,1.79E-01,
8376_2A,2,1.96E-01,
8376_2A,3,1.90E-01,
8376_2A,4,1.93E-01,
8376_2A,5,1.76E-01,
8376_2A,6,1.96E-01,
8376_2A,7,1.80E-01,
8376_2A,8,1.85E-01,
8376_2A,9,1.92E-01,
8376_2A,10,1.76E-01,1.86E-01
5171_1A,1,1.83E-01,
5171_1A,2,1.88E-01,
5171_1A,3,1.64E-01,
5171_1A,4,1.93E-01,
5171_1A,5,1.78E-01,
5171_1A,6,1.84E-01,
5171_1A,7,2.17E-01,
5171_1A,8,2.09E-01,
5171_1A,9,1.95E-01,
5171_1A,10,1.56E-01,1.87E-01
5171_1B,1,1.76E-01,
5171_1B,2,1.85E-01,
5171_1B,3,1.84E-01,
5171_1B,4,1.95E-01,
5171_1B,5,1.76E-01,
5171_1B,6,2.16E-01,
5171_1B,7,1.47E-01,
5171_1B,8,1.93E-01,
5171_1B,9,1.78E-01,
5171_1B,10,1.94E-01,1.84E-01
5171_2A,1,1.99E-01,
5171_2A,2,1.77E-01,
5171_2A,3,2.18E-01,
5171_2A,4,1.69E-01,
5171_2A,5,1.85E-01,
5171_2A,6,1.93E-01,
5171_2A,7,1.83E-01,
5171_2A,8,1.73E-01,
5171_2A,9,1.94E-01,
5171_2A,10,1.83E-01,1.87E-01
8384,1,2.04E-01,
8384,2,2.11E-01,
8384,3,1.91E-01,
8384,4,2.13E-01,
8384,5,2.20E-01,
8384,6,2.14E-01,
8384,7,1.99E-01,
8384,8,2.12E-01,
8384,9,2.16E-01,
8384,10,2.39E-01,2.12E-01
8089,1,2.25E-01,
8089,2,1.98E-01,
8089,3,2.28E-01,
8089,4,2.30E-01,
8089,5,2.15E-01,
8089,6,2.22E-01,
8089,7,2.25E-01,
8089,8,2.22E-01,
8089,9,2.13E-01,
8089,10,2.30E-01,2.21E-01
7517,1,1.91E-01,
7517,2,2.13E-01,
7517,3,2.00E-01,2.01E-01
3162_1A,1,2.06E-01,
3162_1A,2,2.08E-01,
3162_1A,3,1.70E-01,
3162_1A,4,1.80E-01,
3162_1A,5,2.11E-01,
3162_1A,6,1.84E-01,
3162_1A,7,2.30E-01,
3162_1A,8,2.28E-01,
3162_1A,9,2.46E-01,
3162_1A,10,1.82E-01,2.04E-01
3162_1B,1,2.07E-01,
3162_1B,2,2.22E-01,
3162_1B,3,2.06E-01,
3162_1B,4,1.85E-01,
3162_1B,5,1.90E-01,
3162_1B,6,2.44E-01,
3162_1B,7,2.23E-01,
3162_1B,8,2.06E-01,
3162_1B,9,1.72E-01,
3162_1B,10,1.70E-01,2.02E-01
3162_2A,1,1.85E-01,
3162_2A,2,1.91E-01,
3162_2A,3,1.87E-01,
3162_2A,4,2.32E-01,
3162_2A,5,2.02E-01,
3162_2A,6,1.78E-01,
3162_2A,7,1.95E-01,
3162_2A,8,1.68E-01,
3162_2A,9,1.99E-01,
3162_2A,10,1.72E-01,1.91E-01
8632,1,2.26E-01,
8632,2,2.17E-01,
8632,3,2.10E-01,
8632,4,1.97E-01,
8632,5,2.32E-01,
8632,6,1.97E-01,
8632,7,2.10E-01,
8632,8,2.22E-01,
8632,9,1.79E-01,
8632,10,2.07E-01,2.10E-01
3224,1,1.89E-01,
3224,2,2.11E-01,
3224,3,2.36E-01,
3224,4,1.88E-01,
3224,5,1.87E-01,
3224,6,1.95E-01,
3224,7,1.89E-01,
3224,8,2.15E-01,
3224,9,1.97E-01,
3224,10,2.36E-01,2.04E-01
6564,1,1.96E-01,
6564,2,1.85E-01,
6564,3,1.96E-01,
6564,4,1.30E-01,
6564,5,2.24E-01,
6564,6,1.99E-01,
6564,7,1.94E-01,
6564,8,1.95E-01,
6564,9,1.78E-01,
6564,10,2.04E-01,1.90E-01
7223,1,2.36E-01,
7223,2,2.05E-01,
7223,3,2.31E-01,
7223,4,2.06E-01,
7223,5,2.07E-01,
7223,6,2.23E-01,
7223,7,2.27E-01,
7223,8,2.23E-01,
7223,9,2.09E-01,
7223,10,2.02E-01,2.17E-01
6406,1,2.06E-01,
6406,2,2.07E-01,
6406,3,2.28E-01,
6406,4,1.89E-01,
6406,5,2.16E-01,
6406,6,1.85E-01,
6406,7,2.01E-01,
6406,8,2.12E-01,
6406,9,2.15E-01,
6406,10,2.07E-01,2.07E-01
6853,1,2.11E-01,
6853,2,2.28E-01,
6853,3,2.19E-01,
6853,4,2.02E-01,
6853,5,2.16E-01,
6853,6,2.52E-01,
6853,7,2.53E-01,
6853,8,2.30E-01,
6853,9,1.75E-01,
6853,10,1.94E-01,2.18E-01
6345,1,1.82E-01,
6345,2,1.97E-01,
6345,3,1.94E-01,
6345,4,2.14E-01,
6345,5,2.02E-01,
6345,6,2.01E-01,
6345,7,2.00E-01,
6345,8,1.98E-01,
6345,9,1.79E-01,
6345,10,1.99E-01,1.97E-01
2834,1,1.99E-01,
2834,2,1.93E-01,
2834,3,1.83E-01,
2834,4,1.93E-01,
2834,5,1.90E-01,
2834,6,1.87E-01,
2834,7,1.79E-01,
2834,8,1.67E-01,
2834,9,1.76E-01,
2834,10,1.79E-01,1.85E-01
4110_1A,1,2.15E-01,
4110_1A,2,2.17E-01,
4110_1A,3,2.10E-01,
4110_1A,4,2.07E-01,
4110_1A,5,1.93E-01,
4110_1A,6,2.02E-01,
4110_1A,7,2.03E-01,
4110_1A,8,2.47E-01,
4110_1A,9,1.96E-01,
4110_1A,10,2.08E-01,2.10E-01
4110_1B,1,2.07E-01,
4110_1B,2,2.23E-01,
4110_1B,3,2.06E-01,
4110_1B,4,2.00E-01,
4110_1B,5,2.22E-01,
4110_1B,6,2.12E-01,
4110_1B,7,1.96E-01,
4110_1B,8,2.46E-01,
4110_1B,9,2.14E-01,
4110_1B,10,2.12E-01,2.14E-01
4110_2A,1,2.44E-01,
4110_2A,2,1.95E-01,
4110_2A,3,2.31E-01,
4110_2A,4,2.45E-01,
4110_2A,5,2.24E-01,
4110_2A,6,2.41E-01,
4110_2A,7,1.97E-01,
4110_2A,8,2.31E-01,
4110_2A,9,2.04E-01,
4110_2A,10,1.85E-01,2.20E-01
7308_1A,1,2.29E-01,
7308_1A,2,2.41E-01,
7308_1A,3,2.47E-01,
7308_1A,4,2.27E-01,
7308_1A,5,2.07E-01,
7308_1A,6,2.20E-01,
7308_1A,7,2.04E-01,
7308_1A,8,2.18E-01,
7308_1A,9,2.15E-01,
7308_1A,10,2.16E-01,2.23E-01
7308_1B,1,2.15E-01,
7308_1B,2,2.03E-01,
7308_1B,3,2.12E-01,
7308_1B,4,2.22E-01,
7308_1B,5,2.22E-01,
7308_1B,6,2.12E-01,
7308_1B,7,2.03E-01,
7308_1B,8,2.12E-01,
7308_1B,9,2.32E-01,
7308_1B,10,2.09E-01,2.14E-01
7308_2A,1,2.48E-01,
7308_2A,2,2.29E-01,
7308_2A,3,2.21E-01,
7308_2A,4,2.24E-01,
7308_2A,5,2.42E-01,
7308_2A,6,2.10E-01,
7308_2A,7,2.21E-01,
7308_2A,8,2.17E-01,
7308_2A,9,2.26E-01,
7308_2A,10,2.21E-01,2.26E-01
9928,1,2.22E-01,
9928,2,2.12E-01,
9928,3,2.41E-01,
9928,4,2.51E-01,
9928,5,2.13E-01,
9928,6,2.68E-01,
9928,7,2.23E-01,
9928,8,2.25E-01,
9928,9,2.50E-01,
9928,10,2.15E-01,2.32E-01
1681,1,1.81E-01,
1681,2,1.87E-01,
1681,3,1.90E-01,
1681,4,1.70E-01,
1681,5,1.89E-01,
1681,6,2.02E-01,
1681,7,1.91E-01,
1681,8,1.93E-01,
1681,9,1.90E-01,
1681,10,1.84E-01,1.88E-01
8081_1A,1,1.94E-01,
8081_1A,2,2.03E-01,
8081_1A,3,1.84E-01,
8081_1A,4,1.95E-01,
8081_1A,5,1.91E-01,
8081_1A,6,2.08E-01,
8081_1A,7,1.74E-01,
8081_1A,8,1.79E-01,
8081_1A,9,1.98E-01,
8081_1A,10,1.86E-01,1.91E-01
8081_1B,1,1.72E-01,
8081_1B,2,2.02E-01,
8081_1B,3,2.03E-01,
8081_1B,4,2.01E-01,
8081_1B,5,1.89E-01,
8081_1B,6,1.85E-01,
8081_1B,7,2.02E-01,
8081_1B,8,1.99E-01,
8081_1B,9,2.02E-01,
8081_1B,10,2.00E-01,1.96E-01
8081_2A,1,2.02E-01,
8081_2A,2,1.99E-01,
8081_2A,3,2.00E-01,
8081_2A,4,2.10E-01,
8081_2A,5,2.05E-01,
8081_2A,6,1.95E-01,
8081_2A,7,1.88E-01,
8081_2A,8,2.05E-01,
8081_2A,9,2.07E-01,
8081_2A,10,1.91E-01,2.00E-01
8126,1,1.93E-01,
8126,2,1.84E-01,
8126,3,1.86E-01,
8126,4,1.92E-01,
8126,5,2.09E-01,
8126,6,2.03E-01,
8126,7,2.05E-01,
8126,8,2.16E-01,
8126,9,1.98E-01,
8126,10,2.05E-01,1.99E-01
2561,1,2.11E-01,
2561,2,2.24E-01,
2561,3,1.94E-01,
2561,4,2.14E-01,
2561,5,2.53E-01,
2561,6,2.04E-01,
2561,7,2.22E-01,
2561,8,2.29E-01,
2561,9,2.37E-01,
2561,10,1.78E-01,2.17E-01
7540,1,2.03E-01,
7540,2,2.12E-01,
7540,3,1.83E-01,
7540,4,2.06E-01,
7540,5,1.81E-01,
7540,6,1.84E-01,
7540,7,2.01E-01,
7540,8,1.78E-01,
7540,9,2.05E-01,
7540,10,1.91E-01,1.94E-01
4813,1,1.81E-01,
4813,2,2.17E-01,
4813,3,1.99E-01,
4813,4,2.00E-01,
4813,5,2.16E-01,
4813,6,2.11E-01,
4813,7,1.92E-01,
4813,8,1.93E-01,
4813,9,2.03E-01,
4813,10,2.15E-01,2.03E-01
5051,1,2.04E-01,
5051,2,2.33E-01,
5051,3,2.16E-01,
5051,4,1.96E-01,
5051,5,2.14E-01,
5051,6,2.20E-01,
5051,7,2.04E-01,
5051,8,2.09E-01,
5051,9,2.38E-01,
5051,10,2.27E-01,2.16E-01
9175,1,2.27E-01,
9175,2,2.11E-01,
9175,3,2.07E-01,
9175,4,2.30E-01,
9175,5,2.31E-01,
9175,6,2.29E-01,
9175,7,1.95E-01,
9175,8,2.04E-01,
9175,9,1.89E-01,
9175,10,1.83E-01,2.11E-01
6566,1,2.03E-01,
6566,2,2.16E-01,
6566,3,2.13E-01,
6566,4,2.03E-01,
6566,5,1.72E-01,
6566,6,2.08E-01,
6566,7,2.13E-01,
6566,8,2.08E-01,
6566,9,2.08E-01,
6566,10,1.85E-01,2.03E-01
2361,1,2.20E-01,
2361,2,2.17E-01,
2361,3,2.28E-01,
2361,4,2.16E-01,
2361,5,2.31E-01,
2361,6,2.49E-01,
2361,7,2.46E-01,
2361,8,2.13E-01,
2361,9,2.07E-01,
2361,10,2.18E-01,2.25E-01
3153,1,2.00E-01,
3153,2,1.79E-01,
3153,3,2.60E-01,
3153,4,1.91E-01,
3153,5,2.34E-01,
3153,6,2.22E-01,
3153,7,2.26E-01,
3153,8,2.09E-01,
3153,9,2.26E-01,
3153,10,1.99E-01,2.14E-01
4958,1,2.16E-01,
4958,2,2.43E-01,
4958,3,2.21E-01,
4958,4,2.23E-01,
4958,5,2.18E-01,
4958,6,2.33E-01,
4958,7,2.13E-01,
4958,8,2.01E-01,
4958,9,2.08E-01,
4958,10,1.97E-01,2.17E-01
7154,1,2.37E-01,
7154,2,2.08E-01,
7154,3,2.01E-01,
7154,4,1.69E-01,
7154,5,2.24E-01,
7154,6,2.11E-01,
7154,7,1.99E-01,
7154,8,2.06E-01,
7154,9,1.91E-01,
7154,10,1.95E-01,2.04E-01
5720,1,2.11E-01,
5720,2,1.91E-01,
5720,3,1.88E-01,
5720,4,2.06E-01,
5720,5,2.16E-01,
5720,6,2.12E-01,
5720,7,1.89E-01,
5720,8,1.99E-01,
5720,9,2.31E-01,
5720,10,1.92E-01,2.03E-01
1385,1,2.11E-01,
1385,2,2.09E-01,
1385,3,2.27E-01,
1385,4,2.09E-01,
1385,5,2.26E-01,
1385,6,2.12E-01,
1385,7,2.16E-01,
1385,8,2.33E-01,
1385,9,2.12E-01,
1385,10,2.45E-01,2.20E-01
9332,1,1.95E-01,
9332,2,1.80E-01,
9332,3,1.84E-01,
9332,4,2.34E-01,
9332,5,2.08E-01,
9332,6,2.08E-01,
9332,7,2.08E-01,
9332,8,2.08E-01,
9332,9,2.03E-01,
9332,10,2.57E-01,2.08E-01
1030,1,2.09E-01,
1030,2,2.08E-01,
1030,3,2.06E-01,
1030,4,1.90E-01,
1030,5,2.23E-01,
1030,6,2.02E-01,
1030,7,2.07E-01,
1030,8,1.98E-01,
1030,9,2.00E-01,
1030,10,1.85E-01,2.03E-01
5189,1,2.14E-01,
5189,2,2.10E-01,
5189,3,2.24E-01,
5189,4,2.12E-01,
5189,5,2.20E-01,
5189,6,2.15E-01,
5189,7,2.18E-01,
5189,8,2.16E-01,
5189,9,2.18E-01,
5189,10,2.17E-01,2.16E-01
4785,1,1.96E-01,
4785,2,2.10E-01,
4785,3,2.17E-01,
4785,4,2.05E-01,
4785,5,2.12E-01,
4785,6,2.13E-01,
4785,7,1.90E-01,
4785,8,2.08E-01,
4785,9,1.93E-01,
4785,10,2.15E-01,2.06E-01
8587,1,2.06E-01,
8587,2,2.14E-01,
8587,3,1.58E-01,
8587,4,2.00E-01,
8587,5,1.90E-01,
8587,6,2.01E-01,
8587,7,2.00E-01,
8587,8,2.02E-01,
8587,9,1.90E-01,
8587,10,2.00E-01,1.96E-01
9369,1,2.07E-01,
9369,2,2.16E-01,
9369,3,2.10E-01,
9369,4,2.08E-01,
9369,5,1.99E-01,
9369,6,1.87E-01,
9369,7,2.16E-01,
9369,8,1.95E-01,
9369,9,2.10E-01,
9369,10,1.88E-01,2.04E-01
6531,1,1.83E-01,
6531,2,2.03E-01,
6531,3,1.87E-01,
6531,4,1.88E-01,
6531,5,1.98E-01,
6531,6,2.05E-01,
6531,7,2.13E-01,
6531,8,1.97E-01,
6531,9,1.96E-01,
6531,10,1.81E-01,1.95E-01
5619,1,1.98E-01,
5619,2,2.07E-01,
5619,3,2.01E-01,
5619,4,1.94E-01,
5619,5,1.85E-01,
5619,6,1.95E-01,
5619,7,2.05E-01,
5619,8,1.86E-01,
5619,9,1.76E-01,
5619,10,2.07E-01,1.95E-01
6697,1,2.17E-01,
6697,2,2.09E-01,
6697,3,2.05E-01,
6697,4,2.06E-01,
6697,5,2.00E-01,
6697,6,2.03E-01,
6697,7,2.05E-01,
6697,8,1.90E-01,
6697,9,2.07E-01,
6697,10,2.07E-01,2.05E-01
1203,1,2.17E-01,
1203,2,2.09E-01,
1203,3,2.23E-01,
1203,4,2.05E-01,
1203,5,2.17E-01,
1203,6,2.07E-01,
1203,7,2.06E-01,
1203,8,2.08E-01,
1203,9,2.18E-01,
1203,10,2.34E-01,2.14E-01
4246,1,1.66E-01,
4246,2,1.90E-01,
4246,3,1.81E-01,
4246,4,1.89E-01,
4246,5,1.92E-01,
4246,6,2.10E-01,
4246,7,1.86E-01,
4246,8,1.94E-01,
4246,9,2.01E-01,
4246,10,1.83E-01,1.89E-01
3420,1,1.95E-01,
3420,2,2.17E-01,
3420,3,2.09E-01,
3420,4,2.31E-01,
3420,5,2.34E-01,
3420,6,2.19E-01,
3420,7,2.42E-01,
3420,8,1.99E-01,
3420,9,2.06E-01,
3420,10,2.02E-01,2.15E-01
9855,1,2.26E-01,
9855,2,1.85E-01,
9855,3,2.31E-01,
9855,4,2.19E-01,
9855,5,2.13E-01,
9855,6,2.09E-01,
9855,7,2.11E-01,
9855,8,2.14E-01,
9855,9,2.12E-01,
9855,10,2.40E-01,2.16E-01
8631,1,1.95E-01,
8631,2,2.19E-01,
8631,3,2.33E-01,
8631,4,2.05E-01,
8631,5,2.24E-01,
8631,6,2.28E-01,
8631,7,2.14E-01,
8631,8,2.15E-01,
8631,9,2.08E-01,
8631,10,2.11E-01,2.15E-01
3431,1,2.11E-01,
3431,2,2.22E-01,
3431,3,2.14E-01,
3431,4,2.05E-01,
3431,5,2.21E-01,
3431,6,2.19E-01,
3431,7,1.91E-01,
3431,8,2.17E-01,
3431,9,1.92E-01,
3431,10,2.05E-01,2.10E-01
6241,1,2.17E-01,
6241,2,2.11E-01,
6241,3,2.12E-01,
6241,4,2.10E-01,
6241,5,1.98E-01,
6241,6,2.04E-01,
6241,7,1.98E-01,
6241,8,1.86E-01,
6241,9,1.91E-01,
6241,10,2.34E-01,2.06E-01
8566,1,2.09E-01,
8566,2,2.17E-01,
8566,3,1.90E-01,
8566,4,2.20E-01,
8566,5,1.98E-01,
8566,6,2.34E-01,
8566,7,1.94E-01,
8566,8,2.11E-01,
8566,9,1.89E-01,
8566,10,2.13E-01,2.08E-01
5105,1,2.43E-01,
5105,2,2.40E-01,
5105,3,1.73E-01,
5105,4,2.21E-01,
5105,5,2.03E-01,
5105,6,2.06E-01,
5105,7,2.03E-01,
5105,8,2.22E-01,
5105,9,1.92E-01,
5105,10,2.27E-01,2.13E-01
5265,1,2.13E-01,
5265,2,2.19E-01,
5265,3,2.14E-01,
5265,4,2.13E-01,
5265,5,2.06E-01,
5265,6,2.11E-01,
5265,7,1.98E-01,
5265,8,1.93E-01,
5265,9,2.00E-01,
5265,10,2.09E-01,2.08E-01
8515,1,2.03E-01,
8515,2,2.14E-01,
8515,3,1.92E-01,
8515,4,2.22E-01,
8515,5,1.98E-01,
8515,6,1.99E-01,
8515,7,2.03E-01,
8515,8,2.08E-01,
8515,9,2.31E-01,
8515,10,1.97E-01,2.07E-01
3449,1,2.67E-01,
3449,2,2.32E-01,
3449,3,2.74E-01,
3449,4,2.63E-01,
3449,5,2.75E-01,
3449,6,2.62E-01,
3449,7,2.41E-01,
3449,8,2.62E-01,
3449,9,2.51E-01,
3449,10,2.41E-01,2.57E-01
2232,1,1.94E-01,
2232,2,1.85E-01,
2232,3,2.01E-01,
2232,4,1.88E-01,
2232,5,1.92E-01,
2232,6,1.95E-01,
2232,7,1.92E-01,
2232,8,1.65E-01,
2232,9,1.90E-01,
2232,10,2.14E-01,1.91E-01
5356,1,2.05E-01,
5356,2,1.96E-01,
5356,3,2.21E-01,
5356,4,2.12E-01,
5356,5,2.03E-01,
5356,6,2.02E-01,
5356,7,1.93E-01,
5356,8,1.94E-01,
5356,9,2.05E-01,
5356,10,1.89E-01,2.02E-01
3588,1,1.92E-01,
3588,2,2.06E-01,
3588,3,1.98E-01,
3588,4,1.95E-01,
3588,5,1.79E-01,
3588,6,1.75E-01,
3588,7,1.96E-01,
3588,8,1.75E-01,
3588,9,2.05E-01,
3588,10,1.97E-01,1.92E-01
7469,1,2.06E-01,
7469,2,1.87E-01,
7469,3,1.80E-01,
7469,4,1.84E-01,
7469,5,1.98E-01,
7469,6,1.81E-01,
7469,7,1.80E-01,
7469,8,2.04E-01,
7469,9,1.82E-01,
7469,10,1.89E-01,1.89E-01
6193,1,1.94E-01,
6193,2,1.99E-01,
6193,3,2.20E-01,
6193,4,1.62E-01,
6193,5,2.00E-01,
6193,6,2.29E-01,
6193,7,2.37E-01,
6193,8,1.99E-01,
6193,9,2.27E-01,
6193,10,1.99E-01,2.07E-01
2608,1,2.34E-01,
2608,2,2.06E-01,
2608,3,2.11E-01,
2608,4,2.23E-01,
2608,5,2.05E-01,
2608,6,1.79E-01,
2608,7,2.46E-01,
2608,8,1.97E-01,
2608,9,2.04E-01,
2608,10,2.04E-01,2.11E-01
7006,1,1.99E-01,
7006,2,2.03E-01,
7006,3,2.09E-01,
7006,4,1.79E-01,
7006,5,2.00E-01,
7006,6,2.04E-01,
7006,7,2.00E-01,
7006,8,1.87E-01,
7006,9,1.91E-01,
7006,10,1.80E-01,1.95E-01
2759,1,2.23E-01,
2759,2,2.22E-01,
2759,3,2.13E-01,
2759,4,2.42E-01,
2759,5,2.02E-01,
2759,6,2.06E-01,
2759,7,2.14E-01,
2759,8,2.05E-01,
2759,9,2.04E-01,
2759,10,2.14E-01,2.15E-01
9756,1,2.13E-01,
9756,2,2.27E-01,
9756,3,2.18E-01,
9756,4,2.15E-01,
9756,5,2.24E-01,
9756,6,2.38E-01,
9756,7,2.36E-01,
9756,8,2.30E-01,
9756,9,2.24E-01,
9756,10,2.48E-01,2.27E-01
6338,1,2.48E-01,
6338,2,2.25E-01,
6338,3,2.07E-01,
6338,4,2.42E-01,
6338,5,2.39E-01,
6338,6,2.32E-01,
6338,7,2.34E-01,
6338,8,2.39E-01,
6338,9,2.30E-01,
6338,10,2.11E-01,2.31E-01
7839,1,2.17E-01,
7839,2,2.25E-01,
7839,3,2.32E-01,
7839,4,2.12E-01,
7839,5,2.20E-01,
7839,6,2.12E-01,
7839,7,1.81E-01,
7839,8,2.39E-01,
7839,9,2.07E-01,
7839,10,2.11E-01,2.16E-01
4423,1,2.06E-01,
4423,2,1.85E-01,
4423,3,2.00E-01,
4423,4,2.10E-01,
4423,5,2.22E-01,
4423,6,1.87E-01,
4423,7,1.99E-01,
4423,8,2.21E-01,
4423,9,2.10E-01,
4423,10,1.95E-01,2.04E-01
6085,1,2.48E-01,
6085,2,2.22E-01,
6085,3,2.39E-01,
6085,4,2.28E-01,
6085,5,2.61E-01,
6085,6,2.40E-01,
6085,7,2.61E-01,
6085,8,2.13E-01,
6085,9,2.51E-01,
6085,10,2.29E-01,2.39E-01
5547,1,2.20E-01,
5547,2,2.43E-01,
5547,3,1.98E-01,
5547,4,2.10E-01,
5547,5,2.14E-01,
5547,6,2.06E-01,
5547,7,1.97E-01,
5547,8,2.29E-01,
5547,9,2.27E-01,
5547,10,2.10E-01,2.15E-01
2947,1,2.10E-01,
2947,2,1.93E-01,
2947,3,2.29E-01,
2947,4,2.23E-01,
2947,5,2.24E-01,
2947,6,2.44E-01,
2947,7,2.25E-01,
2947,8,2.56E-01,
2947,9,2.19E-01,
2947,10,2.15E-01,2.24E-01
6698,1,1.83E-01,
6698,2,1.98E-01,
6698,3,1.86E-01,
6698,4,2.05E-01,
6698,5,1.93E-01,
6698,6,1.89E-01,
6698,7,2.13E-01,
6698,8,1.98E-01,
6698,9,1.93E-01,
6698,10,1.96E-01,1.96E-01
2959,1,2.03E-01,
2959,2,2.42E-01,
2959,3,2.29E-01,
2959,4,2.63E-01,
2959,5,2.16E-01,
2959,6,1.81E-01,
2959,7,2.00E-01,
2959,8,1.90E-01,
2959,9,2.23E-01,
2959,10,2.03E-01,2.15E-01
1645,1,2.07E-01,
1645,2,2.03E-01,
1645,3,2.24E-01,
1645,4,2.24E-01,
1645,5,2.00E-01,
1645,6,2.08E-01,
1645,7,2.12E-01,
1645,8,2.19E-01,
1645,9,2.04E-01,
1645,10,2.09E-01,2.11E-01
2059,1,1.88E-01,
2059,2,1.97E-01,
2059,3,1.89E-01,
2059,4,1.85E-01,
2059,5,2.04E-01,
2059,6,2.02E-01,
2059,7,2.02E-01,
2059,8,1.93E-01,
2059,9,1.92E-01,
2059,10,2.05E-01,1.96E-01
4126,1,2.27E-01,
4126,2,2.31E-01,
4126,3,2.23E-01,
4126,4,1.95E-01,
4126,5,1.98E-01,
4126,6,2.35E-01,
4126,7,2.24E-01,
4126,8,2.46E-01,
4126,9,1.91E-01,
4126,10,2.19E-01,2.19E-01
2263,1,1.89E-01,
2263,2,1.98E-01,
2263,3,1.85E-01,
2263,4,1.94E-01,
2263,5,1.70E-01,
2263,6,1.92E-01,
2263,7,1.85E-01,
2263,8,2.02E-01,
2263,9,1.97E-01,
2263,10,2.03E-01,1.91E-01
5083,1,1.92E-01,
5083,2,1.91E-01,
5083,3,1.83E-01,
5083,4,1.94E-01,
5083,5,2.20E-01,
5083,6,2.02E-01,
5083,7,2.00E-01,
5083,8,2.07E-01,
5083,9,2.13E-01,
5083,10,1.97E-01,2.00E-01
4081,1,1.97E-01,
4081,2,2.12E-01,
4081,3,2.00E-01,
4081,4,2.10E-01,
4081,5,1.92E-01,
4081,6,1.96E-01,
4081,7,2.06E-01,
4081,8,2.08E-01,
4081,9,1.97E-01,
4081,10,2.03E-01,2.02E-01
4493,1,1.96E-01,
4493,2,1.93E-01,
4493,3,1.84E-01,
4493,4,1.97E-01,
4493,5,1.74E-01,
4493,6,1.90E-01,
4493,7,1.94E-01,
4493,8,1.92E-01,
4493,9,2.02E-01,
4493,10,2.00E-01,1.92E-01
6731,1,2.31E-01,
6731,2,1.96E-01,
6731,3,2.05E-01,
6731,4,1.88E-01,
6731,5,2.35E-01,
6731,6,2.22E-01,
6731,7,2.02E-01,
6731,8,1.66E-01,
6731,9,1.93E-01,
6731,10,1.64E-01,2.00E-01
2203,1,1.97E-01,
2203,2,1.81E-01,
2203,3,1.85E-01,
2203,4,2.26E-01,
2203,5,1.91E-01,
2203,6,1.81E-01,
2203,7,1.85E-01,
2203,8,1.89E-01,
2203,9,1.83E-01,
2203,10,1.93E-01,1.91E-01
5119,1,2.09E-01,
5119,2,2.31E-01,
5119,3,2.02E-01,
5119,4,1.92E-01,
5119,5,2.10E-01,
5119,6,2.12E-01,
5119,7,1.94E-01,
5119,8,2.01E-01,
5119,9,2.25E-01,
5119,10,2.21E-01,2.10E-01
7822,1,2.32E-01,
7822,2,2.24E-01,
7822,3,2.19E-01,
7822,4,2.01E-01,
7822,5,2.12E-01,
7822,6,2.07E-01,
7822,7,2.04E-01,
7822,8,2.11E-01,
7822,9,1.97E-01,
7822,10,2.00E-01,2.11E-01
9123,1,1.88E-01,
9123,2,1.92E-01,
9123,3,1.68E-01,
9123,4,1.99E-01,
9123,5,2.03E-01,
9123,6,1.84E-01,
9123,7,1.95E-01,
9123,8,1.96E-01,
9123,9,1.98E-01,1.91E-01
3084,1,2.29E-01,
3084,2,2.21E-01,
3084,3,2.20E-01,
3084,4,2.49E-01,
3084,5,2.27E-01,
3084,6,2.71E-01,
3084,7,2.15E-01,
3084,8,2.19E-01,
3084,9,2.10E-01,
3084,10,1.79E-01,2.24E-01
6422,1,2.31E-01,
6422,2,1.94E-01,
6422,3,1.97E-01,
6422,4,1.98E-01,
6422,5,1.79E-01,
6422,6,2.05E-01,
6422,7,2.17E-01,
6422,8,1.87E-01,
6422,9,1.69E-01,
6422,10,2.10E-01,1.99E-01
2742,1,2.36E-01,
2742,2,2.04E-01,
2742,3,1.84E-01,
2742,4,1.84E-01,
2742,5,2.00E-01,
2742,6,2.05E-01,
2742,7,2.11E-01,
2742,8,2.00E-01,
2742,9,1.99E-01,
2742,10,2.02E-01,2.02E-01
4983,1,2.28E-01,
4983,2,2.20E-01,
4983,3,2.10E-01,
4983,4,2.07E-01,
4983,5,2.41E-01,
4983,6,2.02E-01,
4983,7,2.00E-01,
4983,8,2.24E-01,
4983,9,2.17E-01,
4983,10,2.11E-01,2.16E-01
8879,1,1.91E-01,
8879,2,2.06E-01,
8879,3,2.32E-01,
8879,4,1.80E-01,
8879,5,2.34E-01,
8879,6,1.79E-01,
8879,7,1.98E-01,
8879,8,2.16E-01,
8879,9,2.29E-01,
8879,10,2.14E-01,2.08E-01
6790,1,2.03E-01,
6790,2,2.45E-01,
6790,3,1.99E-01,
6790,4,2.05E-01,
6790,5,1.88E-01,
6790,6,2.08E-01,
6790,7,2.15E-01,
6790,8,2.01E-01,
6790,9,2.20E-01,
6790,10,1.94E-01,2.08E-01
9569,1,2.13E-01,
9569,2,2.25E-01,
9569,3,2.12E-01,
9569,4,2.15E-01,
9569,5,2.21E-01,
9569,6,2.15E-01,
9569,7,2.23E-01,
9569,8,2.18E-01,
9569,9,2.14E-01,
9569,10,2.24E-01,2.18E-01
1548,1,2.03E-01,
1548,2,1.79E-01,
1548,3,2.03E-01,
1548,4,2.10E-01,
1548,5,2.37E-01,
1548,6,1.99E-01,
1548,7,2.07E-01,
1548,8,2.12E-01,
1548,9,2.29E-01,
1548,10,2.12E-01,2.09E-01
6734_1A,1,3.10E-01,
6734_1A,2,2.34E-01,
6734_1A,3,2.59E-01,
6734_1A,4,2.85E-01,
6734_1A,5,2.47E-01,
6734_1A,6,2.64E-01,
6734_1A,7,2.74E-01,
6734_1A,8,2.33E-01,
6734_1A,9,2.44E-01,
6734_1A,10,3.11E-01,2.66E-01
5488,1,1.94E-01,
5488,2,2.13E-01,
5488,3,2.04E-01,
5488,4,1.91E-01,
5488,5,2.10E-01,
5488,6,2.13E-01,
5488,7,1.97E-01,
5488,8,1.77E-01,
5488,9,2.10E-01,
5488,10,2.05E-01,2.01E-01
6734_1B,1,2.72E-01,
6734_1B,2,2.47E-01,
6734_1B,3,2.63E-01,
6734_1B,4,2.85E-01,
6734_1B,5,2.54E-01,
6734_1B,6,2.32E-01,
6734_1B,7,2.75E-01,
6734_1B,8,2.26E-01,
6734_1B,9,3.11E-01,
6734_1B,10,2.40E-01,2.61E-01
6734_2A,1,2.44E-01,
6734_2A,2,2.49E-01,
6734_2A,3,2.57E-01,
6734_2A,4,2.35E-01,
6734_2A,5,2.39E-01,
6734_2A,6,2.69E-01,
6734_2A,7,2.33E-01,
6734_2A,8,2.45E-01,
6734_2A,9,2.45E-01,
6734_2A,10,3.11E-01,2.53E-01
9994_1A,1,2.19E-01,
9994_1A,2,2.39E-01,
9994_1A,3,2.06E-01,
9994_1A,4,2.24E-01,
9994_1A,5,2.32E-01,
9994_1A,6,1.99E-01,
9994_1A,7,2.11E-01,
9994_1A,8,2.19E-01,
9994_1A,9,2.17E-01,
9994_1A,10,2.21E-01,2.19E-01
9994_1B,1,2.06E-01,
9994_1B,2,2.31E-01,
9994_1B,3,1.95E-01,
9994_1B,4,2.21E-01,
9994_1B,5,2.20E-01,
9994_1B,6,2.01E-01,
9994_1B,7,2.17E-01,
9994_1B,8,2.16E-01,
9994_1B,9,2.03E-01,
9994_1B,10,2.23E-01,2.13E-01
9994_2A,1,2.31E-01,
9994_2A,2,2.02E-01,
9994_2A,3,2.23E-01,
9994_2A,4,1.90E-01,
9994_2A,5,2.28E-01,
9994_2A,6,2.04E-01,
9994_2A,7,1.92E-01,
9994_2A,8,2.33E-01,
9994_2A,9,2.20E-01,
9994_2A,10,2.05E-01,2.13E-01
6308,1,2.08E-01,
6308,2,2.51E-01,
6308,3,2.10E-01,
6308,4,2.18E-01,
6308,5,2.13E-01,
6308,6,1.99E-01,
6308,7,2.15E-01,
6308,8,2.15E-01,
6308,9,2.12E-01,
6308,10,2.02E-01,2.14E-01
9137,1,2.09E-01,
9137,2,2.13E-01,
9137,3,2.02E-01,
9137,4,1.87E-01,
9137,5,2.21E-01,
9137,6,2.08E-01,
9137,7,2.14E-01,
9137,8,2.11E-01,
9137,9,2.04E-01,
9137,10,2.05E-01,2.08E-01
2441,1,2.27E-01,
2441,2,1.90E-01,
2441,3,2.21E-01,
2441,4,2.07E-01,
2441,5,1.89E-01,
2441,6,2.05E-01,
2441,7,2.08E-01,
2441,8,1.70E-01,
2441,9,2.10E-01,
2441,10,2.08E-01,2.04E-01
6501,1,2.19E-01,
6501,2,1.93E-01,
6501,3,1.99E-01,
6501,4,2.00E-01,
6501,5,2.05E-01,
6501,6,1.89E-01,
6501,7,2.00E-01,
6501,8,1.89E-01,
6501,9,2.00E-01,
6501,10,2.13E-01,2.01E-01
3085,1,2.00E-01,
3085,2,1.99E-01,
3085,3,1.81E-01,
3085,4,1.75E-01,
3085,5,1.80E-01,
3085,6,1.90E-01,
3085,7,1.93E-01,
3085,8,1.84E-01,
3085,9,1.85E-01,
3085,10,1.78E-01,1.86E-01
1318,1,2.35E-01,
1318,2,2.37E-01,
1318,3,2.40E-01,
1318,4,2.56E-01,
1318,5,1.78E-01,
1318,6,2.44E-01,
1318,7,2.31E-01,2.33E-01
8569,1,2.43E-01,
8569,2,2.50E-01,
8569,3,2.33E-01,
8569,4,2.42E-01,
8569,5,2.14E-01,
8569,6,2.39E-01,2.37E-01
9311,1,2.19E-01,
9311,2,2.23E-01,
9311,3,2.17E-01,
9311,4,2.06E-01,
9311,5,2.15E-01,2.16E-01
3759,1,2.02E-01,
3759,2,1.90E-01,
3759,3,2.06E-01,
3759,4,1.70E-01,
3759,5,1.92E-01,
3759,6,1.98E-01,
3759,7,1.94E-01,
3759,8,1.93E-01,
3759,9,1.93E-01,1.93E-01
2556,1,2.03E-01,
2556,2,2.03E-01,
2556,3,1.99E-01,
2556,4,2.11E-01,
2556,5,2.05E-01,
2556,6,2.03E-01,
2556,7,2.03E-01,
2556,8,1.83E-01,
2556,9,1.85E-01,
2556,10,2.02E-01,2.00E-01
4570,1,2.25E-01,
4570,2,2.10E-01,
4570,3,2.25E-01,
4570,4,2.25E-01,
4570,5,2.44E-01,
4570,6,2.02E-01,
4570,7,2.05E-01,
4570,8,1.98E-01,
4570,9,2.22E-01,
4570,10,1.95E-01,2.15E-01
9972,1,1.93E-01,
9972,2,1.95E-01,
9972,3,2.32E-01,
9972,4,2.11E-01,
9972,5,2.09E-01,
9972,6,2.13E-01,
9972,7,1.95E-01,
9972,8,2.04E-01,
9972,9,2.04E-01,
9972,10,2.10E-01,2.06E-01
5519,1,2.08E-01,
5519,2,2.09E-01,
5519,3,2.04E-01,
5519,4,2.01E-01,
5519,5,2.20E-01,
5519,6,2.19E-01,
5519,7,2.17E-01,
5519,8,2.04E-01,
5519,9,2.29E-01,
5519,10,2.17E-01,2.13E-01
6595,1,2.00E-01,
6595,2,1.91E-01,
6595,3,2.04E-01,
6595,4,2.04E-01,
6595,5,2.06E-01,
6595,6,2.10E-01,
6595,7,1.98E-01,
6595,8,1.93E-01,
6595,9,2.05E-01,
6595,10,2.03E-01,2.01E-01
16811,1,2.26E-01,
16811,2,2.18E-01,
16811,3,2.22E-01,
16811,4,2.27E-01,
16811,5,2.02E-01,
16811,6,2.27E-01,
16811,7,2.20E-01,
16811,8,2.12E-01,2.19E-01
26900,1,1.72E-01,
26900,2,2.01E-01,
26900,3,1.91E-01,
26900,4,1.71E-01,
26900,5,1.87E-01,
26900,6,1.82E-01,
26900,7,1.96E-01,
26900,8,2.20E-01,
26900,9,1.89E-01,
26900,10,1.71E-01,1.88E-01
76221,1,2.03E-01,
76221,2,1.95E-01,
76221,3,1.98E-01,
76221,4,1.89E-01,
76221,5,1.92E-01,
76221,6,1.93E-01,
76221,7,1.78E-01,
76221,8,2.02E-01,
76221,9,1.98E-01,
76221,10,1.84E-01,1.93E-01
62412,1,1.94E-01,
62412,2,1.96E-01,
62412,3,2.14E-01,
62412,4,1.93E-01,
62412,5,2.03E-01,
62412,6,2.00E-01,
62412,7,1.98E-01,
62412,8,1.94E-01,
62412,9,2.05E-01,
62412,10,1.91E-01,1.99E-01
61931,1,1.97E-01,
61931,2,2.11E-01,
61931,3,2.15E-01,
61931,4,2.12E-01,
61931,5,1.99E-01,
61931,6,2.11E-01,
61931,7,2.06E-01,
61931,8,2.13E-01,
61931,9,2.08E-01,
61931,10,2.23E-01,2.10E-01
3462,1,2.08E-01,
3462,2,2.49E-01,
3462,3,2.17E-01,
3462,4,2.10E-01,
3462,5,2.14E-01,
3462,6,1.90E-01,
3462,7,1.90E-01,
3462,8,2.31E-01,
3462,9,2.49E-01,
3462,10,1.94E-01,2.15E-01
3510,1,2.18E-01,
3510,2,2.19E-01,
3510,3,1.93E-01,
3510,4,2.22E-01,
3510,5,2.00E-01,
3510,6,2.33E-01,
3510,7,2.03E-01,
3510,8,2.23E-01,
3510,9,1.89E-01,
3510,10,2.32E-01,2.13E-01
3756,1,1.96E-01,
3756,2,2.30E-01,
3756,3,2.39E-01,
3756,4,2.08E-01,
3756,5,1.82E-01,
3756,6,1.99E-01,
3756,7,1.92E-01,
3756,8,1.98E-01,2.05E-01
3985,1,1.88E-01,
3985,2,2.06E-01,
3985,3,2.16E-01,
3985,4,1.98E-01,
3985,5,1.94E-01,
3985,6,2.23E-01,
3985,7,1.86E-01,
3985,8,1.87E-01,
3985,9,1.91E-01,
3985,10,2.20E-01,2.01E-01
4003,1,1.83E-01,
4003,2,1.96E-01,
4003,3,2.14E-01,
4003,4,1.67E-01,
4003,5,2.16E-01,
4003,6,1.90E-01,
4003,7,2.39E-01,
4003,8,1.90E-01,
4003,9,2.18E-01,
4003,10,1.97E-01,2.01E-01
9717,1,2.03E-01,
9717,2,2.00E-01,
9717,3,2.18E-01,
9717,4,1.98E-01,
9717,5,1.96E-01,
9717,6,1.84E-01,
9717,7,1.90E-01,
9717,8,1.81E-01,
9717,9,2.53E-01,2.03E-01
3095,1,2.07E-01,
3095,2,1.97E-01,
3095,3,2.01E-01,
3095,4,2.56E-01,
3095,5,2.04E-01,
3095,6,2.20E-01,
3095,7,1.91E-01,
3095,8,2.04E-01,
3095,9,2.00E-01,
3095,10,2.13E-01,2.09E-01
2665,1,2.24E-01,
2665,2,2.05E-01,
2665,3,2.19E-01,
2665,4,2.15E-01,
2665,5,2.21E-01,
2665,6,1.97E-01,
2665,7,1.92E-01,
2665,8,2.17E-01,
2665,9,2.17E-01,
2665,10,1.99E-01,2.11E-01
8498,1,1.99E-01,
8498,2,1.96E-01,
8498,3,2.05E-01,
8498,4,1.83E-01,
8498,5,2.12E-01,
8498,6,1.87E-01,
8498,7,1.99E-01,
8498,8,1.81E-01,
8498,9,2.08E-01,
8498,10,1.97E-01,1.97E-01
1598,1,1.99E-01,
1598,2,2.11E-01,
1598,3,2.07E-01,
1598,4,2.16E-01,
1598,5,2.36E-01,
1598,6,2.08E-01,
1598,7,1.91E-01,
1598,8,1.95E-01,
1598,9,1.90E-01,
1598,10,1.93E-01,2.05E-01
1133,1,2.22E-01,
1133,2,2.22E-01,
1133,3,2.13E-01,
1133,4,2.17E-01,
1133,5,2.24E-01,
1133,6,2.12E-01,
1133,7,2.29E-01,
1133,8,2.24E-01,
1133,9,2.20E-01,
1133,10,2.21E-01,2.20E-01
6919,1,2.04E-01,
6919,2,2.02E-01,
6919,3,2.01E-01,
6919,4,2.09E-01,
6919,5,1.92E-01,
6919,6,2.12E-01,
6919,7,2.10E-01,
6919,8,2.13E-01,
6919,9,2.05E-01,
6919,10,2.03E-01,2.05E-01
